id,data_inversa,dia_semana,horario,uf,br,km,municipio,causa_acidente,tipo_acidente,classificacao_acidente,fase_dia,sentido_via,condicao_metereologica,tipo_pista,tracado_via,uso_solo,pessoas,mortos,feridos_leves,feridos_graves,ilesos,ignorados,feridos,veiculos,latitude,longitude,regional,delegacia,uop
6222,2017-01-23,segunda-feira,18:30:00,RN,101.0,51,CEARA-MIRIM                                                 ,Animais na Pista                                                                                    ,Atropelamento de Animal                                                                                                                                                                                 ,Sem Vítimas,Plena Noite         ,Crescente           ,Nublado             ,Simples             ,Curva                         ,Não       ,1,0,0,0,1,0,0,1,-5.5382,-35.3165,SR-RN               ,DEL15/2                       ,UOP01/RN                      
6225,2017-01-11,quarta-feira,18:20:00,RN,427.0,"98,1",CAICO                                                       ,Ultrapassagem Indevida                                                                              ,Colisão lateral                                                                                                                                                                                         ,Com Vítimas Feridas,Plena Noite         ,Decrescente         ,Céu Claro           ,Simples             ,Reta                          ,Não       ,4,0,1,1,1,1,2,2,-6.4706,-37.0816,SR-RN               ,DEL15/3                       ,UOP01/RN                      
6230,2017-01-23,segunda-feira,19:20:00,RN,101.0,"104,9",PARNAMIRIM                                                  ,Falta de Atenção à Condução                                                                         ,Queda de ocupante de veículo                                                                                                                                                                            ,Com Vítimas Feridas,Plena Noite         ,Crescente           ,Nublado             ,Dupla               ,Reta                          ,Sim       ,2,0,0,1,0,1,1,2,-5.8959150000000005,-35.258109000000005,SR-RN               ,DEL15/1                       ,UOP01/RN                      
6394,2017-01-24,terça-feira,15:15:00,RN,405.0,3,MOSSORO                                                     ,Desobediência às normas de trânsito pelo condutor                                                   ,Colisão lateral                                                                                                                                                                                         ,Com Vítimas Feridas,Pleno dia           ,Crescente           ,Céu Claro           ,Simples             ,Viaduto                       ,Sim       ,2,0,2,0,0,0,2,2,-5.194,-37.3789,SR-RN               ,DEL15/4                       ,UOP02/RN                      
6581,2017-01-25,quarta-feira,11:25:00,RN,101.0,96,NATAL                                                       ,Velocidade Incompatível                                                                             ,Colisão traseira                                                                                                                                                                                        ,Com Vítimas Feridas,Pleno dia           ,Crescente           ,Sol                 ,Dupla               ,Reta                          ,Sim       ,2,0,2,0,0,0,2,2,-5.841055,-35.2101545,SR-RN               ,DEL15/1                       ,UOP01/RN                      
6635,2017-01-25,quarta-feira,15:00:00,RN,101.0,"104,9",PARNAMIRIM                                                  ,Desobediência às normas de trânsito pelo condutor                                                   ,Colisão transversal                                                                                                                                                                                     ,Com Vítimas Feridas,Pleno dia           ,Decrescente         ,Céu Claro           ,Dupla               ,Reta                          ,Sim       ,4,0,2,0,1,1,2,2,-5.90449493,-35.25992543,SR-RN               ,DEL15/1                       ,UOP01/RN                      
6768,2017-01-26,quinta-feira,07:40:00,RN,304.0,48,MOSSORO                                                     ,Falta de Atenção à Condução                                                                         ,Colisão lateral                                                                                                                                                                                         ,Com Vítimas Feridas,Pleno dia           ,Crescente           ,Céu Claro           ,Múltipla            ,Não Informado                 ,Sim       ,2,0,1,0,1,0,1,2,-5.23092113,-37.32093483,SR-RN               ,DEL15/4                       ,UOP01/RN                      
6852,2017-01-26,quinta-feira,15:00:00,RN,101.0,138,ARES                                                        ,Avarias e/ou desgaste excessivo no pneu                                                             ,Saída de leito carroçável                                                                                                                                                                               ,Com Vítimas Feridas,Pleno dia           ,Decrescente         ,Sol                 ,Dupla               ,Reta                          ,Não       ,1,0,1,0,0,0,1,1,-6.20933294,-35.21487236,SR-RN               ,DEL15/1                       ,UOP01/RN                      
6863,2017-01-26,quinta-feira,14:30:00,RN,110.0,"44,8",MOSSORO                                                     ,Falta de Atenção à Condução                                                                         ,Colisão frontal                                                                                                                                                                                         ,Com Vítimas Feridas,Pleno dia           ,Crescente           ,Céu Claro           ,Simples             ,Reta                          ,Sim       ,4,0,1,1,2,0,2,2,-5.19176248,-37.31003433,SR-RN               ,DEL15/4                       ,UOP01/RN                      
6970,2017-01-26,quinta-feira,21:00:00,RN,101.0,"104,7",PARNAMIRIM                                                  ,Velocidade Incompatível                                                                             ,Colisão traseira                                                                                                                                                                                        ,Com Vítimas Feridas,Plena Noite         ,Decrescente         ,Céu Claro           ,Dupla               ,Reta                          ,Sim       ,2,0,1,0,0,1,1,2,-5.8923,-35.2581,SR-RN               ,DEL15/1                       ,UOP01/RN                      
7043,2017-01-27,sexta-feira,07:35:00,RN,101.0,113,SAO JOSE DE MIPIBU                                          ,Ingestão de Álcool                                                                                  ,Colisão transversal                                                                                                                                                                                     ,Com Vítimas Feridas,Pleno dia           ,Crescente           ,Sol                 ,Dupla               ,Retorno Regulamentado         ,Sim       ,2,0,1,0,1,0,1,2,-5.96901357,-35.26492774,SR-RN               ,DEL15/1                       ,UOP01/RN                      
7053,2017-01-27,sexta-feira,08:40:00,RN,406.0,69,JANDAIRA                                                    ,Falta de Atenção à Condução                                                                         ,Colisão traseira                                                                                                                                                                                        ,Com Vítimas Feridas,Pleno dia           ,Decrescente         ,Sol                 ,Simples             ,Reta                          ,Sim       ,5,0,3,0,2,0,3,3,-5.3811,-36.0734,SR-RN               ,DEL15/2                       ,UOP01/RN                      
7087,2017-01-27,sexta-feira,11:00:00,RN,406.0,153,CEARA-MIRIM                                                 ,Falta de Atenção à Condução                                                                         ,Capotamento                                                                                                                                                                                             ,Com Vítimas Feridas,Pleno dia           ,Decrescente         ,Sol                 ,Simples             ,Desvio Temporário             ,Não       ,1,0,0,1,0,0,1,1,-5.6607,-35.4135,SR-RN               ,DEL15/2                       ,UOP01/RN                      
7140,2017-01-27,sexta-feira,15:50:00,RN,304.0,"47,4",MOSSORO                                                     ,Falta de Atenção do Pedestre                                                                        ,Atropelamento de Pedestre                                                                                                                                                                               ,Com Vítimas Feridas,Pleno dia           ,Crescente           ,Sol                 ,Dupla               ,Interseção de vias            ,Sim       ,2,0,1,0,1,0,1,1,-5.22602129,-37.32798767,SR-RN               ,DEL15/4                       ,UOP01/RN                      
7287,2017-01-28,sábado,04:30:00,RN,304.0,47,MOSSORO                                                     ,Animais na Pista                                                                                    ,Atropelamento de Animal                                                                                                                                                                                 ,Sem Vítimas,Amanhecer           ,Crescente           ,Céu Claro           ,Dupla               ,Reta                          ,Sim       ,1,0,0,0,1,0,0,1,-5.2352422999999995,-37.3182755,SR-RN               ,DEL15/4                       ,UOP01/RN                      
7336,2017-01-28,sábado,09:45:00,RN,101.0,140,ARES                                                        ,Falta de Atenção à Condução                                                                         ,Colisão traseira                                                                                                                                                                                        ,Com Vítimas Feridas,Pleno dia           ,Crescente           ,Nublado             ,Dupla               ,Reta                          ,Não       ,2,0,1,0,1,0,1,2,-6.19121,-35.21326,SR-RN               ,DEL15/1                       ,UOP01/RN                      
7403,2017-01-28,sábado,15:11:00,RN,101.0,"100,4",PARNAMIRIM                                                  ,Defeito Mecânico no Veículo                                                                         ,Colisão com objeto estático                                                                                                                                                                             ,Com Vítimas Feridas,Pleno dia           ,Crescente           ,Sol                 ,Dupla               ,Curva                         ,Sim       ,2,0,2,0,0,0,2,1,-5.879422,-35.225145,SR-RN               ,DEL15/1                       ,UOP01/RN                      
7474,2017-01-28,sábado,20:00:00,RN,101.0,"83,9",NATAL                                                       ,Não guardar distância de segurança                                                                  ,Colisão traseira                                                                                                                                                                                        ,Sem Vítimas,Plena Noite         ,Crescente           ,Céu Claro           ,Dupla               ,Reta                          ,Sim       ,2,0,0,0,2,0,0,2,-5.77464529,-35.2570501,SR-RN               ,DEL15/2                       ,UOP01/RN                      
7493,2017-01-28,sábado,21:50:00,RN,304.0,"36,8",MOSSORO                                                     ,Falta de Atenção à Condução                                                                         ,Colisão traseira                                                                                                                                                                                        ,Com Vítimas Feridas,Plena Noite         ,Decrescente         ,Céu Claro           ,Dupla               ,Reta                          ,Sim       ,3,0,2,0,0,1,2,2,-5.17493464,-37.36267805,SR-RN               ,DEL15/4                       ,UOP02/RN                      
7519,2017-01-29,domingo,01:30:00,RN,304.0,47,MOSSORO                                                     ,Ingestão de Álcool                                                                                  ,Colisão traseira                                                                                                                                                                                        ,Com Vítimas Feridas,Plena Noite         ,Decrescente         ,Nublado             ,Dupla               ,Reta                          ,Sim       ,2,0,0,1,0,1,1,2,-5.22609285,-37.32641459,SR-RN               ,DEL15/4                       ,UOP01/RN                      
7562,2017-01-29,domingo,06:30:00,RN,304.0,30,MOSSORO                                                     ,Defeito Mecânico no Veículo                                                                         ,Colisão lateral                                                                                                                                                                                         ,Com Vítimas Feridas,Pleno dia           ,Decrescente         ,Céu Claro           ,Simples             ,Reta                          ,Não       ,2,0,1,0,1,0,1,2,-5.1215,-37.342,SR-RN               ,DEL15/4                       ,UOP02/RN                      
7578,2017-01-29,domingo,04:40:00,RN,427.0,"119,9",CAICO                                                       ,Falta de Atenção à Condução                                                                         ,Capotamento                                                                                                                                                                                             ,Com Vítimas Feridas,Amanhecer           ,Crescente           ,Céu Claro           ,Simples             ,Reta                          ,Não       ,1,0,1,0,0,0,1,1,-6.4443936,-37.1584294,SR-RN               ,DEL15/3                       ,UOP01/RN                      
7674,2017-01-29,domingo,17:00:00,RN,101.0,33,RIO DO FOGO                                                 ,Falta de Atenção à Condução                                                                         ,Colisão transversal                                                                                                                                                                                     ,Com Vítimas Feridas,Pleno dia           ,Decrescente         ,Céu Claro           ,Simples             ,Reta                          ,Não       ,3,0,2,0,0,1,2,2,-5.37152032,-35.37599802,SR-RN               ,DEL15/2                       ,UOP01/RN                      
7732,2017-01-29,domingo,19:30:00,RN,427.0,"110,5",CAICO                                                       ,Animais na Pista                                                                                    ,Atropelamento de Animal                                                                                                                                                                                 ,Sem Vítimas,Plena Noite         ,Crescente           ,Céu Claro           ,Simples             ,Reta                          ,Não       ,1,0,0,0,1,0,0,1,-6.4443724,-37.158426899999995,SR-RN               ,DEL15/3                       ,UOP01/RN                      
7960,2017-01-30,segunda-feira,15:45:00,RN,304.0,292,MACAIBA                                                     ,Falta de Atenção à Condução                                                                         ,Colisão traseira                                                                                                                                                                                        ,Com Vítimas Feridas,Pleno dia           ,Crescente           ,Sol                 ,Simples             ,Não Informado                 ,Não       ,3,0,0,2,1,0,2,2,-5.8679,-35.3919,SR-RN               ,DEL15/1                       ,UOP02/RN                      
7976,2017-01-30,segunda-feira,17:10:00,RN,101.0,"79,5",NATAL                                                       ,Ingestão de Álcool                                                                                  ,Colisão transversal                                                                                                                                                                                     ,Com Vítimas Feridas,Pleno dia           ,Decrescente         ,Céu Claro           ,Dupla               ,Reta                          ,Não       ,2,0,0,1,1,0,1,2,-5.75679591,-35.28836757,SR-RN               ,DEL15/2                       ,UOP01/RN                      
7988,2017-01-30,segunda-feira,16:00:00,RN,226.0,"117,3",SANTA CRUZ                                                  ,Falta de Atenção à Condução                                                                         ,Capotamento                                                                                                                                                                                             ,Com Vítimas Feridas,Pleno dia           ,Decrescente         ,Sol                 ,Simples             ,Curva                         ,Não       ,3,0,1,0,2,0,1,1,-6.1962,-36.0425,SR-RN               ,DEL15/3                       ,UOP02/RN                      
8181,2017-01-07,sábado,15:30:00,RN,406.0,35,GUAMARE                                                     ,Falta de Atenção à Condução                                                                         ,Colisão transversal                                                                                                                                                                                     ,Com Vítimas Feridas,Pleno dia           ,Decrescente         ,Sol                 ,Simples             ,Reta                          ,Sim       ,2,0,1,0,1,0,1,2,-5.2568,-36.3529,SR-RN               ,DEL15/2                       ,UOP01/RN                      
8227,2017-01-31,terça-feira,18:00:00,RN,101.0,102,NATAL                                                       ,Falta de Atenção do Pedestre                                                                        ,Atropelamento de Pedestre                                                                                                                                                                               ,Com Vítimas Feridas,Amanhecer           ,Decrescente         ,Céu Claro           ,Dupla               ,Reta                          ,Sim       ,2,0,2,0,0,0,2,1,-5.7792569,-35.200916,SR-RN               ,DEL15/1                       ,UOP01/RN                      
8308,2017-02-01,quarta-feira,06:30:00,RN,304.0,30,MOSSORO                                                     ,Avarias e/ou desgaste excessivo no pneu                                                             ,Tombamento                                                                                                                                                                                              ,Com Vítimas Feridas,Pleno dia           ,Crescente           ,Céu Claro           ,Simples             ,Reta                          ,Sim       ,2,0,1,1,0,0,2,1,-5.1215,-37.342,SR-RN               ,DEL15/4                       ,UOP02/RN                      
8395,2017-02-01,quarta-feira,11:00:00,RN,405.0,"171,1",RIACHO DE SANTANA                                           ,Falta de Atenção à Condução                                                                         ,Colisão frontal                                                                                                                                                                                         ,Com Vítimas Fatais,Pleno dia           ,Decrescente         ,Céu Claro           ,Simples             ,Reta                          ,Não       ,4,1,0,2,1,0,2,2,-6.27895528,-38.26048851,SR-RN               ,DEL15/4                       ,UOP02/RN                      
8427,2017-02-01,quarta-feira,17:15:00,RN,101.0,"129,9",NISIA FLORESTA                                              ,Ingestão de Álcool                                                                                  ,Colisão transversal                                                                                                                                                                                     ,Com Vítimas Feridas,Pleno dia           ,Crescente           ,Céu Claro           ,Dupla               ,Retorno Regulamentado         ,Não       ,2,0,1,0,1,0,1,2,-6.11585,-35.232413,SR-RN               ,DEL15/1                       ,UOP01/RN                      
8541,2017-02-02,quinta-feira,06:55:00,RN,304.0,"44,8",MOSSORO                                                     ,Animais na Pista                                                                                    ,Saída de leito carroçável                                                                                                                                                                               ,Com Vítimas Feridas,Pleno dia           ,Decrescente         ,Céu Claro           ,Dupla               ,Reta                          ,Não       ,1,0,1,0,0,0,1,1,-5.22583643,-37.35300064,SR-RN               ,DEL15/4                       ,UOP01/RN                      
8569,2017-01-01,domingo,14:30:00,RN,405.0,"32,5",MOSSORO                                                     ,Ingestão de Álcool                                                                                  ,Saída de leito carroçável                                                                                                                                                                               ,Com Vítimas Fatais,Pleno dia           ,Crescente           ,Céu Claro           ,Simples             ,Reta                          ,Não       ,3,1,0,2,0,0,2,1,-5.33186071,-37.58215778,SR-RN               ,DEL15/4                       ,UOP02/RN                      
8693,2017-02-02,quinta-feira,18:30:00,RN,304.0,"106,4",ACU                                                         ,Falta de Atenção à Condução                                                                         ,Colisão transversal                                                                                                                                                                                     ,Com Vítimas Feridas,Anoitecer           ,Crescente           ,Céu Claro           ,Simples             ,Reta                          ,Sim       ,6,0,1,2,3,0,3,2,-5.58824543,-36.96828067,SR-RN               ,DEL15/4                       ,UOP01/RN                      
8768,2017-02-03,sexta-feira,07:30:00,RN,101.0,"83,1",SAO GONCALO DO AMARANTE                                     ,Não guardar distância de segurança                                                                  ,Colisão traseira                                                                                                                                                                                        ,Com Vítimas Feridas,Pleno dia           ,Crescente           ,Céu Claro           ,Dupla               ,Reta                          ,Sim       ,2,0,0,1,1,0,1,2,-5.77153369,-35.26521474,SR-RN               ,DEL15/2                       ,UOP01/RN                      
8940,2017-02-03,sexta-feira,17:15:00,RN,101.0,97,NATAL                                                       ,Falta de Atenção à Condução                                                                         ,Colisão transversal                                                                                                                                                                                     ,Sem Vítimas,Anoitecer           ,Decrescente         ,Céu Claro           ,Dupla               ,Reta                          ,Sim       ,2,0,0,0,2,0,0,2,-5.8565,-35.2123,SR-RN               ,DEL15/1                       ,UOP01/RN                      
9250,2017-02-04,sábado,17:55:00,RN,101.0,122,SAO JOSE DE MIPIBU                                          ,Falta de Atenção à Condução                                                                         ,Colisão transversal                                                                                                                                                                                     ,Com Vítimas Fatais,Anoitecer           ,Crescente           ,Céu Claro           ,Dupla               ,Retorno Regulamentado         ,Sim       ,5,1,1,0,3,0,1,2,-6.0477,-35.245,SR-RN               ,DEL15/1                       ,UOP01/RN                      
9402,2017-02-05,domingo,04:00:00,RN,101.0,"65,5",CEARA-MIRIM                                                 ,Falta de Atenção à Condução                                                                         ,Colisão traseira                                                                                                                                                                                        ,Sem Vítimas,Amanhecer           ,Crescente           ,Nublado             ,Simples             ,Reta                          ,Não       ,2,0,0,0,2,0,0,2,-5.644278400000001,-35.25035721,SR-RN               ,DEL15/2                       ,UOP01/RN                      
9579,2017-02-05,domingo,18:45:00,RN,101.0,109,PARNAMIRIM                                                  ,Não guardar distância de segurança                                                                  ,Colisão lateral                                                                                                                                                                                         ,Sem Vítimas,Plena Noite         ,Crescente           ,Céu Claro           ,Dupla               ,Não Informado                 ,Sim       ,2,0,0,0,2,0,0,2,-5.93976707,-35.26505488,SR-RN               ,DEL15/1                       ,UOP01/RN                      
9619,2017-02-05,domingo,20:20:00,RN,304.0,"32,1",MOSSORO                                                     ,Falta de Atenção à Condução                                                                         ,Colisão lateral                                                                                                                                                                                         ,Com Vítimas Feridas,Plena Noite         ,Decrescente         ,Céu Claro           ,Simples             ,Reta                          ,Sim       ,2,0,1,0,1,0,1,2,-5.15207683,-37.34858572,SR-RN               ,DEL15/4                       ,UOP02/RN                      
9631,2017-02-05,domingo,21:13:00,RN,101.0,106,PARNAMIRIM                                                  ,Ingestão de Álcool                                                                                  ,Colisão traseira                                                                                                                                                                                        ,Sem Vítimas,Plena Noite         ,Decrescente         ,Céu Claro           ,Dupla               ,Reta                          ,Sim       ,3,0,0,0,3,0,0,3,-5.905298,-35.260052,SR-RN               ,DEL15/1                       ,UOP01/RN                      
9687,2017-02-06,segunda-feira,01:00:00,RN,101.0,83,NATAL                                                       ,Ingestão de Álcool                                                                                  ,Saída de leito carroçável                                                                                                                                                                               ,Sem Vítimas,Plena Noite         ,Decrescente         ,Céu Claro           ,Dupla               ,Reta                          ,Sim       ,1,0,0,0,1,0,0,1,-5.76967002,-35.26993543,SR-RN               ,DEL15/2                       ,UOP01/RN                      
9720,2017-02-06,segunda-feira,07:10:00,RN,304.0,50,MOSSORO                                                     ,Falta de Atenção à Condução                                                                         ,Colisão traseira                                                                                                                                                                                        ,Com Vítimas Feridas,Pleno dia           ,Decrescente         ,Céu Claro           ,Dupla               ,Reta                          ,Sim       ,3,0,1,0,2,0,1,3,-5.2228699999999995,-37.32543,SR-RN               ,DEL15/4                       ,UOP01/RN                      
9743,2017-02-06,segunda-feira,07:21:00,RN,226.0,"175,1",CURRAIS NOVOS                                               ,Falta de Atenção à Condução                                                                         ,Atropelamento de Pedestre                                                                                                                                                                               ,Com Vítimas Feridas,Pleno dia           ,Crescente           ,Céu Claro           ,Dupla               ,Reta                          ,Sim       ,2,0,0,2,0,0,2,1,-6.25993484,-36.51485944,SR-RN               ,DEL15/3                       ,UOP02/RN                      
9924,2017-02-06,segunda-feira,22:00:00,RN,226.0,"146,8",CURRAIS NOVOS                                               ,Animais na Pista                                                                                    ,Atropelamento de Animal                                                                                                                                                                                 ,Com Vítimas Feridas,Plena Noite         ,Crescente           ,Céu Claro           ,Simples             ,Reta                          ,Não       ,4,0,1,0,3,0,1,1,-6.19501761,-36.26336217,SR-RN               ,DEL15/3                       ,UOP02/RN                      
10009,2017-02-07,terça-feira,09:20:00,RN,427.0,"74,9",JARDIM DO SERIDO                                            ,Defeito na Via                                                                                      ,Capotamento                                                                                                                                                                                             ,Sem Vítimas,Pleno dia           ,Crescente           ,Céu Claro           ,Simples             ,Não Informado                 ,Não       ,2,0,0,0,2,0,0,1,-6.53657518,-36.93312405,SR-RN               ,DEL15/3                       ,UOP01/RN                      
10011,2017-02-07,terça-feira,08:50:00,RN,406.0,169,SAO GONCALO DO AMARANTE                                     ,Falta de Atenção à Condução                                                                         ,Queda de ocupante de veículo                                                                                                                                                                            ,Com Vítimas Feridas,Pleno dia           ,Decrescente         ,Céu Claro           ,Dupla               ,Curva                         ,Sim       ,1,0,1,0,0,0,1,1,-5.76098092,-35.29263765,SR-RN               ,DEL15/2                       ,UOP01/RN                      
10089,2017-02-07,terça-feira,15:30:00,RN,101.0,"94,9",NATAL                                                       ,Falta de Atenção à Condução                                                                         ,Colisão com objeto estático                                                                                                                                                                             ,Com Vítimas Feridas,Pleno dia           ,Crescente           ,Sol                 ,Múltipla            ,Reta                          ,Sim       ,1,0,1,0,0,0,1,1,-5.83874136,-35.21122187,SR-RN               ,DEL15/1                       ,UOP01/RN                      
10170,2017-02-07,terça-feira,21:00:00,RN,110.0,"62,5",MOSSORO                                                     ,Animais na Pista                                                                                    ,Saída de leito carroçável                                                                                                                                                                               ,Sem Vítimas,Plena Noite         ,Crescente           ,Céu Claro           ,Simples             ,Reta                          ,Não       ,1,0,0,0,1,0,0,1,-5.25989152,-37.33165562,SR-RN               ,DEL15/4                       ,UOP01/RN                      
10175,2017-02-07,terça-feira,22:00:00,RN,406.0,"152,4",CEARA-MIRIM                                                 ,Animais na Pista                                                                                    ,Atropelamento de Animal                                                                                                                                                                                 ,Com Vítimas Feridas,Plena Noite         ,Decrescente         ,Céu Claro           ,Simples             ,Reta                          ,Não       ,1,0,1,0,0,0,1,1,-5.65621566,-35.41695803,SR-RN               ,DEL15/2                       ,UOP01/RN                      
10194,2017-02-08,quarta-feira,04:45:00,RN,304.0,"298,7",MACAIBA                                                     ,Falta de Atenção à Condução                                                                         ,Tombamento                                                                                                                                                                                              ,Com Vítimas Feridas,Plena Noite         ,Decrescente         ,Céu Claro           ,Múltipla            ,Rotatória                     ,Sim       ,1,0,1,0,0,0,1,1,-5.86366801,-35.34397781,SR-RN               ,DEL15/1                       ,UOP02/RN                      
10216,2017-02-08,quarta-feira,07:10:00,RN,304.0,38,MOSSORO                                                     ,Desobediência às normas de trânsito pelo condutor                                                   ,Colisão transversal                                                                                                                                                                                     ,Com Vítimas Feridas,Pleno dia           ,Decrescente         ,Céu Claro           ,Dupla               ,Retorno Regulamentado         ,Não       ,2,0,0,1,1,0,1,2,-5.186394,-37.372339000000004,SR-RN               ,DEL15/4                       ,UOP02/RN                      
10218,2017-02-08,quarta-feira,07:00:00,RN,101.0,"116,6",SAO JOSE DE MIPIBU                                          ,Falta de Atenção à Condução                                                                         ,Colisão traseira                                                                                                                                                                                        ,Com Vítimas Feridas,Pleno dia           ,Crescente           ,Sol                 ,Dupla               ,Retorno Regulamentado         ,Não       ,4,0,1,1,1,1,2,3,-6.000482,-35.259919000000004,SR-RN               ,DEL15/1                       ,UOP01/RN                      
10223,2017-02-08,quarta-feira,08:00:00,RN,226.0,"15,6",MACAIBA                                                     ,Falta de Atenção à Condução                                                                         ,Colisão lateral                                                                                                                                                                                         ,Sem Vítimas,Pleno dia           ,Crescente           ,Céu Claro           ,Simples             ,Não Informado                 ,Sim       ,2,0,0,0,2,0,0,2,-5.8594843,-35.33914983,SR-RN               ,DEL15/1                       ,UOP02/RN                      
10227,2017-02-08,quarta-feira,08:20:00,RN,101.0,101,PARNAMIRIM                                                  ,Falta de Atenção à Condução                                                                         ,Colisão traseira                                                                                                                                                                                        ,Com Vítimas Feridas,Pleno dia           ,Decrescente         ,Céu Claro           ,Dupla               ,Curva                         ,Sim       ,3,0,1,1,1,0,2,2,-5.885356,-35.227901,SR-RN               ,DEL15/1                       ,UOP01/RN                      
10249,2017-02-08,quarta-feira,10:35:00,RN,101.0,"82,4",NATAL                                                       ,Falta de Atenção à Condução                                                                         ,Colisão traseira                                                                                                                                                                                        ,Com Vítimas Feridas,Pleno dia           ,Decrescente         ,Sol                 ,Dupla               ,Reta                          ,Sim       ,2,0,0,1,1,0,1,2,-5.76761453,-35.275597999999995,SR-RN               ,DEL15/2                       ,UOP01/RN                      
10619,2017-02-09,quinta-feira,17:15:00,RN,406.0,"160,4",CEARA-MIRIM                                                 ,Ingestão de Álcool                                                                                  ,Colisão lateral                                                                                                                                                                                         ,Sem Vítimas,Anoitecer           ,Decrescente         ,Céu Claro           ,Simples             ,Reta                          ,Sim       ,2,0,0,0,2,0,0,2,-5.71264504,-35.37298054,SR-RN               ,DEL15/2                       ,UOP01/RN                      
10843,2017-02-10,sexta-feira,15:40:00,RN,101.0,108,PARNAMIRIM                                                  ,Desobediência às normas de trânsito pelo condutor                                                   ,Colisão transversal                                                                                                                                                                                     ,Com Vítimas Feridas,Pleno dia           ,Crescente           ,Céu Claro           ,Dupla               ,Reta                          ,Sim       ,2,0,1,0,1,0,1,2,-5.9237,-35.2649,SR-RN               ,DEL15/1                       ,UOP01/RN                      
10912,2017-02-10,sexta-feira,18:50:00,RN,110.0,"47,5",MOSSORO                                                     ,Desobediência às normas de trânsito pelo condutor                                                   ,Colisão transversal                                                                                                                                                                                     ,Com Vítimas Feridas,Plena Noite         ,Decrescente         ,Céu Claro           ,Simples             ,Reta                          ,Sim       ,2,0,1,0,1,0,1,2,-5.20700517,-37.33050495,SR-RN               ,DEL15/4                       ,UOP01/RN                      
11300,2017-02-11,sábado,21:50:00,RN,304.0,"95,4",ACU                                                         ,Não guardar distância de segurança                                                                  ,Engavetamento                                                                                                                                                                                           ,Com Vítimas Feridas,Plena Noite         ,Decrescente         ,Chuva               ,Simples             ,Reta                          ,Não       ,4,0,1,0,2,1,1,4,-5.52761349,-37.10419893,SR-RN               ,DEL15/4                       ,UOP01/RN                      
11361,2017-02-12,domingo,06:30:00,RN,226.0,175,CURRAIS NOVOS                                               ,Falta de Atenção à Condução                                                                         ,Colisão transversal                                                                                                                                                                                     ,Com Vítimas Feridas,Pleno dia           ,Crescente           ,Céu Claro           ,Dupla               ,Reta                          ,Sim       ,3,0,1,0,1,1,1,2,-6.2577,-36.4985,SR-RN               ,DEL15/3                       ,UOP02/RN                      
11436,2017-02-12,domingo,14:45:00,RN,304.0,"24,2",MOSSORO                                                     ,Falta de Atenção à Condução                                                                         ,Queda de ocupante de veículo                                                                                                                                                                            ,Com Vítimas Feridas,Pleno dia           ,Decrescente         ,Nublado             ,Simples             ,Rotatória                     ,Não       ,3,0,2,0,1,0,2,2,-5.06634131,-37.33198214,SR-RN               ,DEL15/4                       ,UOP02/RN                      
11498,2017-02-12,domingo,17:40:00,RN,226.0,"158,8",CURRAIS NOVOS                                               ,Velocidade Incompatível                                                                             ,Capotamento                                                                                                                                                                                             ,Com Vítimas Feridas,Anoitecer           ,Decrescente         ,Garoa/Chuvisco      ,Simples             ,Curva                         ,Não       ,2,0,1,1,0,0,2,1,-6.20265106,-36.37382539,SR-RN               ,DEL15/3                       ,UOP02/RN                      
11679,2017-02-13,segunda-feira,08:00:00,RN,405.0,3,MOSSORO                                                     ,Desobediência às normas de trânsito pelo condutor                                                   ,Colisão transversal                                                                                                                                                                                     ,Com Vítimas Feridas,Pleno dia           ,Decrescente         ,Céu Claro           ,Simples             ,Reta                          ,Sim       ,6,0,2,0,4,0,2,2,-5.194,-37.3789,SR-RN               ,DEL15/4                       ,UOP02/RN                      
11689,2017-02-13,segunda-feira,08:30:00,RN,226.0,14,MACAIBA                                                     ,Falta de Atenção à Condução                                                                         ,Colisão lateral                                                                                                                                                                                         ,Com Vítimas Feridas,Pleno dia           ,Decrescente         ,Nublado             ,Simples             ,Reta                          ,Não       ,2,0,1,1,0,0,2,2,-5.85486296,-35.33099592,SR-RN               ,DEL15/1                       ,UOP02/RN                      
11730,2017-02-13,segunda-feira,12:45:00,RN,101.0,"73,2",SAO GONCALO DO AMARANTE                                     ,Ultrapassagem Indevida                                                                              ,Colisão traseira                                                                                                                                                                                        ,Com Vítimas Feridas,Pleno dia           ,Decrescente         ,Sol                 ,Simples             ,Reta                          ,Não       ,2,0,1,0,1,0,1,2,-5.70588008,-35.26642978,SR-RN               ,DEL15/2                       ,UOP01/RN                      