id,data_inversa,dia_semana,horario,uf,br,km,municipio,causa_acidente,tipo_acidente,classificacao_acidente,fase_dia,sentido_via,condicao_metereologica,tipo_pista,tracado_via,uso_solo,pessoas,mortos,feridos_leves,feridos_graves,ilesos,ignorados,feridos,veiculos,latitude,longitude,regional,delegacia,uop
24645,2017-04-01,sábado,18:25:00,RN,304.0,"34,1",MOSSORO                                                     ,Desobediência às normas de trânsito pelo condutor                                                   ,Colisão frontal                                                                                                                                                                                         ,Com Vítimas Feridas,Plena Noite         ,Crescente           ,Chuva               ,Dupla               ,Reta                          ,Sim       ,3,0,1,1,0,1,2,2,-5.1566602,-37.34964003,SR-RN               ,DEL15/4                       ,UOP02/RN                      
24666,2017-04-01,sábado,20:00:00,RN,226.0,"40,3",MACAIBA                                                     ,Ingestão de Álcool                                                                                  ,Colisão frontal                                                                                                                                                                                         ,Com Vítimas Feridas,Plena Noite         ,Crescente           ,Céu Claro           ,Simples             ,Reta                          ,Sim       ,2,0,0,2,0,0,2,2,-5.92907715,-35.54127306,SR-RN               ,DEL15/1                       ,UOP02/RN                      
24759,2017-04-02,domingo,05:30:00,RN,101.0,111,PARNAMIRIM                                                  ,Não guardar distância de segurança                                                                  ,Colisão traseira                                                                                                                                                                                        ,Com Vítimas Feridas,Amanhecer           ,Crescente           ,Chuva               ,Dupla               ,Não Informado                 ,Sim       ,3,0,1,1,0,1,2,2,-5.93995461,-35.26488543,SR-RN               ,DEL15/1                       ,UOP01/RN                      
24776,2017-04-02,domingo,07:00:00,RN,101.0,"82,6",NATAL                                                       ,Não guardar distância de segurança                                                                  ,Colisão traseira                                                                                                                                                                                        ,Com Vítimas Feridas,Pleno dia           ,Decrescente         ,Nublado             ,Dupla               ,Reta                          ,Sim       ,2,0,1,0,1,0,1,2,-5.76829835,-35.27349204,SR-RN               ,DEL15/2                       ,UOP01/RN                      
24819,2017-04-02,domingo,10:40:00,RN,405.0,"0,9",MOSSORO                                                     ,Desobediência às normas de trânsito pelo condutor                                                   ,Colisão transversal                                                                                                                                                                                     ,Com Vítimas Feridas,Pleno dia           ,Crescente           ,Sol                 ,Dupla               ,Reta                          ,Sim       ,3,0,3,0,0,0,3,2,-5.19148565,-37.36015141,SR-RN               ,DEL15/4                       ,UOP02/RN                      
24935,2017-04-02,domingo,18:40:00,RN,110.0,"46,4",MOSSORO                                                     ,Ingestão de Álcool                                                                                  ,Queda de ocupante de veículo                                                                                                                                                                            ,Com Vítimas Feridas,Plena Noite         ,Decrescente         ,Ignorado            ,Simples             ,Reta                          ,Sim       ,2,0,2,0,0,0,2,1,-5.19852389,-37.31923163,SR-RN               ,DEL15/4                       ,UOP01/RN                      
24957,2017-04-02,domingo,19:45:00,RN,406.0,148,CEARA-MIRIM                                                 ,Falta de Atenção do Pedestre                                                                        ,Atropelamento de Pedestre                                                                                                                                                                               ,Com Vítimas Feridas,Pleno dia           ,Decrescente         ,Céu Claro           ,Simples             ,Reta                          ,Sim       ,2,0,2,0,0,0,2,1,-5.6469,-35.4536,SR-RN               ,DEL15/2                       ,UOP01/RN                      
25041,2017-04-03,segunda-feira,06:15:00,RN,101.0,"102,7",PARNAMIRIM                                                  ,Falta de Atenção à Condução                                                                         ,Colisão traseira                                                                                                                                                                                        ,Sem Vítimas,Pleno dia           ,Decrescente         ,Céu Claro           ,Dupla               ,Reta                          ,Sim       ,2,0,0,0,2,0,0,2,-5.8900502999999995,-35.24679065,SR-RN               ,DEL15/1                       ,UOP01/RN                      
25046,2017-04-03,segunda-feira,06:40:00,RN,101.0,"84,5",NATAL                                                       ,Falta de Atenção à Condução                                                                         ,Colisão lateral                                                                                                                                                                                         ,Com Vítimas Feridas,Pleno dia           ,Decrescente         ,Nublado             ,Dupla               ,Reta                          ,Sim       ,2,0,1,0,1,0,1,2,-5.77425049,-35.25764864,SR-RN               ,DEL15/2                       ,UOP01/RN                      
25048,2017-04-03,segunda-feira,05:40:00,RN,405.0,"3,4",MOSSORO                                                     ,Falta de Atenção à Condução                                                                         ,Queda de ocupante de veículo                                                                                                                                                                            ,Com Vítimas Feridas,Amanhecer           ,Decrescente         ,Nublado             ,Simples             ,Reta                          ,Sim       ,2,0,0,1,1,0,1,2,-5.19428007,-37.38250094,SR-RN               ,DEL15/4                       ,UOP02/RN                      
25057,2017-02-10,sexta-feira,06:30:00,RN,110.0,52,MOSSORO                                                     ,Ultrapassagem Indevida                                                                              ,Colisão transversal                                                                                                                                                                                     ,Com Vítimas Feridas,Pleno dia           ,Crescente           ,Céu Claro           ,Simples             ,Não Informado                 ,Não       ,3,0,1,1,1,0,2,2,-5.24083301,-37.33174682,SR-RN               ,DEL15/4                       ,UOP01/RN                      
25070,2017-02-10,sexta-feira,14:00:00,RN,101.0,113,SAO JOSE DE MIPIBU                                          ,Falta de Atenção à Condução                                                                         ,Colisão traseira                                                                                                                                                                                        ,Com Vítimas Feridas,Pleno dia           ,Decrescente         ,Céu Claro           ,Dupla               ,Reta                          ,Sim       ,3,0,2,0,1,0,2,2,-5.9694,-35.2649,SR-RN               ,DEL15/1                       ,UOP01/RN                      
25151,2017-04-03,segunda-feira,16:40:00,RN,226.0,"109,2",SANTA CRUZ                                                  ,Falta de Atenção à Condução                                                                         ,Colisão transversal                                                                                                                                                                                     ,Com Vítimas Feridas,Pleno dia           ,Crescente           ,Céu Claro           ,Simples             ,Reta                          ,Sim       ,2,0,0,1,1,0,1,2,-6.24136001,-35.99859997,SR-RN               ,DEL15/3                       ,UOP02/RN                      
25182,2017-04-03,segunda-feira,10:30:00,RN,101.0,"125,9",SAO JOSE DE MIPIBU                                          ,Desobediência às normas de trânsito pelo condutor                                                   ,Colisão traseira                                                                                                                                                                                        ,Com Vítimas Feridas,Pleno dia           ,Crescente           ,Céu Claro           ,Dupla               ,Interseção de vias            ,Sim       ,3,0,1,0,2,0,1,2,-6.07928909,-35.23420304,SR-RN               ,DEL15/1                       ,UOP01/RN                      
25188,2017-04-03,segunda-feira,16:20:00,RN,304.0,"184,3",ANGICOS                                                     ,Falta de Atenção à Condução                                                                         ,Colisão transversal                                                                                                                                                                                     ,Com Vítimas Feridas,Pleno dia           ,Decrescente         ,Céu Claro           ,Simples             ,Interseção de vias            ,Não       ,2,0,1,0,1,0,1,2,-5.689988,-36.30727,SR-RN               ,DEL15/1                       ,UOP03/RN                      
25247,2017-04-03,segunda-feira,22:30:00,RN,304.0,298,MACAIBA                                                     ,Velocidade Incompatível                                                                             ,Tombamento                                                                                                                                                                                              ,Sem Vítimas,Plena Noite         ,Decrescente         ,Céu Claro           ,Simples             ,Rotatória                     ,Sim       ,1,0,0,0,1,0,0,1,-5.86383878,-35.34368813,SR-RN               ,DEL15/1                       ,UOP02/RN                      
25324,2017-04-04,terça-feira,09:35:00,RN,304.0,"296,4",MACAIBA                                                     ,Falta de Atenção à Condução                                                                         ,Colisão traseira                                                                                                                                                                                        ,Sem Vítimas,Pleno dia           ,Crescente           ,Céu Claro           ,Simples             ,Reta                          ,Sim       ,3,0,0,0,3,0,0,3,-5.86512002,-35.35164016,SR-RN               ,DEL15/1                       ,UOP02/RN                      
25415,2017-04-04,terça-feira,17:00:00,RN,226.0,"0,7",NATAL                                                       ,Falta de Atenção à Condução                                                                         ,Colisão lateral                                                                                                                                                                                         ,Com Vítimas Feridas,Pleno dia           ,Crescente           ,Céu Claro           ,Simples             ,Reta                          ,Não       ,3,0,1,0,1,1,1,2,-5.80335093,-35.24030052,SR-RN               ,DEL15/1                       ,UOP02/RN                      
25457,2017-01-02,segunda-feira,12:00:00,RN,101.0,"100,5",PARNAMIRIM                                                  ,Defeito Mecânico no Veículo                                                                         ,Queda de ocupante de veículo                                                                                                                                                                            ,Com Vítimas Feridas,Pleno dia           ,Decrescente         ,Céu Claro           ,Múltipla            ,Curva                         ,Sim       ,1,0,1,0,0,0,1,1,-5.88355115,-35.22835108,SR-RN               ,DEL15/1                       ,UOP01/RN                      
25548,2017-04-05,quarta-feira,08:15:00,RN,101.0,"166,7",CANGUARETAMA                                                ,Defeito na Via                                                                                      ,Colisão com objeto estático                                                                                                                                                                             ,Com Vítimas Feridas,Pleno dia           ,Decrescente         ,Sol                 ,Dupla               ,Não Informado                 ,Não       ,2,0,1,0,1,0,1,2,-6.4005207,-35.167381299999995,SR-RN               ,DEL15/1                       ,UOP01/RN                      
26025,2017-04-05,quarta-feira,11:20:00,RN,226.0,"113,1",SANTA CRUZ                                                  ,Velocidade Incompatível                                                                             ,Capotamento                                                                                                                                                                                             ,Com Vítimas Feridas,Pleno dia           ,Decrescente         ,Chuva               ,Simples             ,Curva                         ,Sim       ,2,0,1,0,1,0,1,1,-6.21853985,-36.01999,SR-RN               ,DEL15/3                       ,UOP02/RN                      
26196,2017-04-06,quinta-feira,06:40:00,RN,304.0,"46,7",MOSSORO                                                     ,Falta de Atenção à Condução                                                                         ,Colisão lateral                                                                                                                                                                                         ,Com Vítimas Feridas,Pleno dia           ,Crescente           ,Céu Claro           ,Dupla               ,Retorno Regulamentado         ,Sim       ,3,0,3,0,0,0,3,2,-5.22591122,-37.33689666,SR-RN               ,DEL15/4                       ,UOP01/RN                      
26240,2017-04-06,quinta-feira,09:10:00,RN,101.0,115,SAO JOSE DE MIPIBU                                          ,Defeito Mecânico no Veículo                                                                         ,Capotamento                                                                                                                                                                                             ,Com Vítimas Feridas,Pleno dia           ,Decrescente         ,Céu Claro           ,Dupla               ,Curva                         ,Não       ,1,0,1,0,0,0,1,1,-5.9875,-35.2649,SR-RN               ,DEL15/1                       ,UOP01/RN                      
26284,2017-04-06,quinta-feira,10:50:00,RN,101.0,119,SAO JOSE DE MIPIBU                                          ,Defeito Mecânico no Veículo                                                                         ,Incêndio                                                                                                                                                                                                ,Sem Vítimas,Pleno dia           ,Crescente           ,Céu Claro           ,Dupla               ,Reta                          ,Não       ,1,0,0,0,1,0,0,1,-6.02878738,-35.25004953,SR-RN               ,DEL15/1                       ,UOP01/RN                      
26296,2017-04-06,quinta-feira,12:50:00,RN,304.0,62,MOSSORO                                                     ,Falta de Atenção à Condução                                                                         ,Colisão traseira                                                                                                                                                                                        ,Com Vítimas Fatais,Pleno dia           ,Decrescente         ,Nublado             ,Simples             ,Reta                          ,Não       ,4,1,0,0,2,1,0,3,-5.3433,-37.2586,SR-RN               ,DEL15/4                       ,UOP01/RN                      
26391,2017-04-06,quinta-feira,17:34:00,RN,101.0,100,NATAL                                                       ,Falta de Atenção à Condução                                                                         ,Colisão transversal                                                                                                                                                                                     ,Sem Vítimas,Anoitecer           ,Crescente           ,Céu Claro           ,Simples             ,Reta                          ,Sim       ,2,0,0,0,2,0,0,2,-5.87510369,-35.22206336,SR-RN               ,DEL15/1                       ,UOP01/RN                      
26412,2017-04-06,quinta-feira,19:40:00,RN,304.0,"100,3",ACU                                                         ,Animais na Pista                                                                                    ,Atropelamento de Animal                                                                                                                                                                                 ,Sem Vítimas,Plena Noite         ,Decrescente         ,Céu Claro           ,Simples             ,Reta                          ,Não       ,1,0,0,0,1,0,0,1,-5.57917991,-37.02012042,SR-RN               ,DEL15/4                       ,UOP01/RN                      
26428,2017-04-06,quinta-feira,20:40:00,RN,101.0,"84,2",NATAL                                                       ,Falta de Atenção do Pedestre                                                                        ,Atropelamento de Pedestre                                                                                                                                                                               ,Com Vítimas Feridas,Plena Noite         ,Decrescente         ,Céu Claro           ,Dupla               ,Reta                          ,Sim       ,3,0,1,0,2,0,1,2,-5.77332019,-35.26019948,SR-RN               ,DEL15/2                       ,UOP01/RN                      
26508,2017-04-07,sexta-feira,07:00:00,RN,406.0,"169,5",SAO GONCALO DO AMARANTE                                     ,Desobediência às normas de trânsito pelo condutor                                                   ,Colisão transversal                                                                                                                                                                                     ,Com Vítimas Feridas,Pleno dia           ,Crescente           ,Céu Claro           ,Dupla               ,Retorno Regulamentado         ,Sim       ,2,0,1,0,1,0,1,2,-5.75930064,-35.297725799999995,SR-RN               ,DEL15/2                       ,UOP01/RN                      
26567,2017-04-07,sexta-feira,11:30:00,RN,304.0,35,MOSSORO                                                     ,Falta de Atenção à Condução                                                                         ,Colisão lateral                                                                                                                                                                                         ,Com Vítimas Feridas,Pleno dia           ,Crescente           ,Céu Claro           ,Dupla               ,Curva                         ,Não       ,2,0,1,0,1,0,1,2,-5.2352848,-37.3182109,SR-RN               ,DEL15/4                       ,UOP02/RN                      
26577,2017-04-07,sexta-feira,10:35:00,RN,110.0,"11,1",AREIA BRANCA                                                ,Velocidade Incompatível                                                                             ,Saída de leito carroçável                                                                                                                                                                               ,Com Vítimas Feridas,Pleno dia           ,Decrescente         ,Céu Claro           ,Simples             ,Curva                         ,Não       ,1,0,0,1,0,0,1,1,-5.0005,-37.09222006,SR-RN               ,DEL15/4                       ,UOP01/RN                      
26579,2017-04-07,sexta-feira,12:00:00,RN,101.0,"84,1",SAO GONCALO DO AMARANTE                                     ,Não guardar distância de segurança                                                                  ,Colisão lateral                                                                                                                                                                                         ,Com Vítimas Feridas,Pleno dia           ,Crescente           ,Céu Claro           ,Dupla               ,Reta                          ,Sim       ,2,0,1,0,1,0,1,2,-5.77298417,-35.26135826,SR-RN               ,DEL15/2                       ,UOP01/RN                      
26589,2017-04-07,sexta-feira,13:10:00,RN,226.0,16,MACAIBA                                                     ,Velocidade Incompatível                                                                             ,Tombamento                                                                                                                                                                                              ,Com Vítimas Feridas,Pleno dia           ,Decrescente         ,Céu Claro           ,Simples             ,Reta                          ,Sim       ,1,0,0,1,0,0,1,1,-5.86296361,-35.34310341,SR-RN               ,DEL15/1                       ,UOP02/RN                      
26692,2017-04-07,sexta-feira,17:40:00,RN,406.0,"155,5",CEARA-MIRIM                                                 ,Não guardar distância de segurança                                                                  ,Colisão lateral                                                                                                                                                                                         ,Com Vítimas Feridas,Plena Noite         ,Crescente           ,Céu Claro           ,Simples             ,Reta                          ,Não       ,2,0,1,0,1,0,1,2,-5.67836206,-35.39968622,SR-RN               ,DEL15/2                       ,UOP01/RN                      
26756,2017-04-07,sexta-feira,23:30:00,RN,101.0,"65,4",EXTREMOZ                                                    ,Falta de Atenção à Condução                                                                         ,Colisão com objeto em movimento                                                                                                                                                                         ,Com Vítimas Feridas,Plena Noite         ,Crescente           ,Céu Claro           ,Simples             ,Reta                          ,Não       ,2,0,1,0,1,0,1,2,-5.64400248,-35.25032043,SR-RN               ,DEL15/2                       ,UOP01/RN                      
26787,2017-04-08,sábado,02:30:00,RN,406.0,"103,2",JOAO CAMARA                                                 ,Ingestão de Álcool                                                                                  ,Atropelamento de Pedestre                                                                                                                                                                               ,Com Vítimas Fatais,Plena Noite         ,Decrescente         ,Nublado             ,Simples             ,Reta                          ,Sim       ,2,1,1,0,0,0,1,1,-5.53544004,-35.81397996,SR-RN               ,DEL15/2                       ,UOP01/RN                      
26838,2017-04-08,sábado,06:20:00,RN,405.0,"155,7",PAU DOS FERROS                                              ,Desobediência às normas de trânsito pelo condutor                                                   ,Colisão transversal                                                                                                                                                                                     ,Com Vítimas Feridas,Pleno dia           ,Crescente           ,Céu Claro           ,Simples             ,Interseção de vias            ,Não       ,4,0,2,0,2,0,2,3,-6.15180767,-38.20634276,SR-RN               ,DEL15/4                       ,UOP02/RN                      
26859,2017-04-08,sábado,07:30:00,RN,101.0,97,NATAL                                                       ,Falta de Atenção à Condução                                                                         ,Colisão lateral                                                                                                                                                                                         ,Com Vítimas Feridas,Pleno dia           ,Crescente           ,Céu Claro           ,Múltipla            ,Interseção de vias            ,Sim       ,2,0,0,1,1,0,1,2,-5.85272839,-35.21068275,SR-RN               ,DEL15/1                       ,UOP01/RN                      
26895,2017-04-08,sábado,10:00:00,RN,406.0,"163,2",SAO GONCALO DO AMARANTE                                     ,Falta de Atenção à Condução                                                                         ,Colisão transversal                                                                                                                                                                                     ,Sem Vítimas,Pleno dia           ,Crescente           ,Céu Claro           ,Simples             ,Reta                          ,Não       ,2,0,0,0,2,0,0,2,-5.73295394,-35.35732716,SR-RN               ,DEL15/2                       ,UOP01/RN                      
26918,2017-04-08,sábado,12:01:00,RN,101.0,80,NATAL                                                       ,Desobediência às normas de trânsito pelo condutor                                                   ,Colisão transversal                                                                                                                                                                                     ,Com Vítimas Fatais,Pleno dia           ,Decrescente         ,Sol                 ,Dupla               ,Rotatória                     ,Sim       ,2,1,0,0,1,0,0,2,-5.76293536,-35.28688163,SR-RN               ,DEL15/2                       ,UOP01/RN                      
26943,2017-04-08,sábado,11:30:00,RN,226.0,"1,7",NATAL                                                       ,Falta de Atenção à Condução                                                                         ,Colisão traseira                                                                                                                                                                                        ,Com Vítimas Feridas,Pleno dia           ,Decrescente         ,Céu Claro           ,Dupla               ,Desvio Temporário             ,Sim       ,3,0,0,2,1,0,2,2,-5.8209,-35.251999999999995,SR-RN               ,DEL15/1                       ,UOP02/RN                      
26987,2017-04-08,sábado,15:50:00,RN,304.0,"43,4",MOSSORO                                                     ,Ingestão de Álcool                                                                                  ,Tombamento                                                                                                                                                                                              ,Com Vítimas Feridas,Pleno dia           ,Crescente           ,Céu Claro           ,Dupla               ,Retorno Regulamentado         ,Não       ,2,0,1,0,1,0,1,2,-5.22534495,-37.3472929,SR-RN               ,DEL15/4                       ,UOP01/RN                      
26989,2017-04-08,sábado,15:40:00,RN,110.0,49,MOSSORO                                                     ,Falta de Atenção à Condução                                                                         ,Colisão lateral                                                                                                                                                                                         ,Com Vítimas Feridas,Pleno dia           ,Crescente           ,Céu Claro           ,Dupla               ,Reta                          ,Sim       ,2,0,1,0,1,0,1,2,-5.2131218,-37.3311932,SR-RN               ,DEL15/4                       ,UOP01/RN                      
27005,2017-04-08,sábado,17:40:00,RN,101.0,"107,1",PARNAMIRIM                                                  ,Ingestão de Álcool                                                                                  ,Colisão traseira                                                                                                                                                                                        ,Sem Vítimas,Anoitecer           ,Decrescente         ,Céu Claro           ,Dupla               ,Reta                          ,Sim       ,3,0,0,0,3,0,0,3,-5.91555093,-35.26248425,SR-RN               ,DEL15/1                       ,UOP01/RN                      
27127,2017-04-08,sábado,23:00:00,RN,304.0,"108,8",ACU                                                         ,Falta de Atenção à Condução                                                                         ,Colisão transversal                                                                                                                                                                                     ,Com Vítimas Fatais,Plena Noite         ,Crescente           ,Céu Claro           ,Simples             ,Reta                          ,Não       ,2,1,0,0,1,0,0,2,-5.58924915,-36.94680154,SR-RN               ,DEL15/4                       ,UOP01/RN                      
27290,2017-04-09,domingo,12:00:00,RN,304.0,"105,1",ACU                                                         ,Ingestão de Álcool                                                                                  ,Queda de ocupante de veículo                                                                                                                                                                            ,Com Vítimas Feridas,Pleno dia           ,Crescente           ,Céu Claro           ,Simples             ,Reta                          ,Não       ,1,0,0,1,0,0,1,1,-5.58862999,-36.97472991,SR-RN               ,DEL15/4                       ,UOP01/RN                      
27345,2017-04-09,domingo,15:40:00,RN,110.0,"125,2",AUGUSTO SEVERO                                              ,Falta de Atenção à Condução                                                                         ,Colisão traseira                                                                                                                                                                                        ,Com Vítimas Feridas,Pleno dia           ,Crescente           ,Sol                 ,Simples             ,Desvio Temporário             ,Não       ,2,0,0,1,1,0,1,2,-5.86264,-37.3107,SR-RN               ,DEL15/4                       ,UOP01/RN                      
27350,2017-04-09,domingo,18:10:00,RN,101.0,"82,1",NATAL                                                       ,Ingestão de Álcool                                                                                  ,Colisão lateral                                                                                                                                                                                         ,Com Vítimas Feridas,Plena Noite         ,Decrescente         ,Céu Claro           ,Dupla               ,Reta                          ,Sim       ,2,0,1,0,1,0,1,2,-5.76783934,-35.27479559,SR-RN               ,DEL15/2                       ,UOP01/RN                      
27514,2017-04-10,segunda-feira,08:30:00,RN,304.0,300,MACAIBA                                                     ,Não guardar distância de segurança                                                                  ,Capotamento                                                                                                                                                                                             ,Com Vítimas Feridas,Pleno dia           ,Decrescente         ,Chuva               ,Dupla               ,Reta                          ,Não       ,2,0,1,0,1,0,1,2,-5.87125625,-35.32187641,SR-RN               ,DEL15/1                       ,UOP02/RN                      
27518,2017-04-10,segunda-feira,07:55:00,RN,226.0,"4,9",NATAL                                                       ,Falta de Atenção à Condução                                                                         ,Colisão transversal                                                                                                                                                                                     ,Com Vítimas Feridas,Pleno dia           ,Decrescente         ,Nublado             ,Simples             ,Reta                          ,Sim       ,2,0,1,0,1,0,1,2,-5.82065996,-35.26745974,SR-RN               ,DEL15/1                       ,UOP02/RN                      
27520,2017-04-10,segunda-feira,11:00:00,RN,304.0,262,SANTA MARIA                                                 ,Defeito Mecânico no Veículo                                                                         ,Saída de leito carroçável                                                                                                                                                                               ,Com Vítimas Feridas,Pleno dia           ,Crescente           ,Nublado             ,Simples             ,Reta                          ,Não       ,1,0,1,0,0,0,1,1,-5.84819238,-35.66591263,SR-RN               ,DEL15/1                       ,UOP02/RN                      
27526,2017-04-10,segunda-feira,05:45:00,RN,101.0,"151,4",GOIANINHA                                                   ,Animais na Pista                                                                                    ,Colisão com objeto estático                                                                                                                                                                             ,Com Vítimas Feridas,Pleno dia           ,Decrescente         ,Céu Claro           ,Dupla               ,Retorno Regulamentado         ,Não       ,1,0,1,0,0,0,1,1,-6.291549,-35.198087,SR-RN               ,DEL15/1                       ,UOP01/RN                      
27527,2017-04-10,segunda-feira,09:10:00,RN,101.0,"85,4",SAO GONCALO DO AMARANTE                                     ,Falta de Atenção à Condução                                                                         ,Colisão lateral                                                                                                                                                                                         ,Sem Vítimas,Pleno dia           ,Crescente           ,Chuva               ,Múltipla            ,Desvio Temporário             ,Sim       ,2,0,0,0,2,0,0,2,-5.77717413,-35.2502051,SR-RN               ,DEL15/2                       ,UOP01/RN                      
27792,2017-04-11,terça-feira,08:20:00,RN,101.0,"155,8",CANGUARETAMA                                                ,Pista Escorregadia                                                                                  ,Capotamento                                                                                                                                                                                             ,Com Vítimas Feridas,Pleno dia           ,Crescente           ,Chuva               ,Dupla               ,Reta                          ,Não       ,1,0,1,0,0,0,1,1,-6.32562132,-35.17869925,SR-RN               ,DEL15/1                       ,UOP01/RN                      
27885,2017-04-11,terça-feira,15:10:00,RN,304.0,237,RIACHUELO                                                   ,Fenômenos da Natureza                                                                               ,Colisão com objeto estático                                                                                                                                                                             ,Sem Vítimas,Pleno dia           ,Crescente           ,Chuva               ,Simples             ,Reta                          ,Não       ,1,0,0,0,1,0,0,1,-5.7716778,-35.85738212,SR-RN               ,DEL15/1                       ,UOP02/RN                      
27927,2017-04-11,terça-feira,17:40:00,RN,226.0,"3,1",NATAL                                                       ,Falta de Atenção à Condução                                                                         ,Tombamento                                                                                                                                                                                              ,Com Vítimas Feridas,Anoitecer           ,Decrescente         ,Céu Claro           ,Simples             ,Reta                          ,Sim       ,2,0,0,1,1,0,1,2,-5.82183,-35.253683,SR-RN               ,DEL15/1                       ,UOP02/RN                      
28024,2017-04-12,quarta-feira,07:20:00,RN,110.0,88,UPANEMA                                                     ,Falta de Atenção à Condução                                                                         ,Colisão transversal                                                                                                                                                                                     ,Com Vítimas Feridas,Pleno dia           ,Decrescente         ,Céu Claro           ,Simples             ,Reta                          ,Não       ,2,0,1,0,1,0,1,2,-5.6,-37.3,SR-RN               ,DEL15/4                       ,UOP01/RN                      
28026,2017-04-12,quarta-feira,07:00:00,RN,101.0,"99,4",NATAL                                                       ,Falta de Atenção à Condução                                                                         ,Colisão traseira                                                                                                                                                                                        ,Com Vítimas Feridas,Pleno dia           ,Crescente           ,Céu Claro           ,Múltipla            ,Interseção de vias            ,Sim       ,2,0,0,1,1,0,1,2,-5.8758095,-35.22245765,SR-RN               ,DEL15/1                       ,UOP01/RN                      
28082,2017-04-12,quarta-feira,12:00:00,RN,304.0,"48,1",MOSSORO                                                     ,Desobediência às normas de trânsito pelo condutor                                                   ,Colisão transversal                                                                                                                                                                                     ,Com Vítimas Feridas,Pleno dia           ,Crescente           ,Céu Claro           ,Dupla               ,Reta                          ,Sim       ,2,0,1,0,1,0,1,2,-5.2307565,-37.32107162,SR-RN               ,DEL15/4                       ,UOP01/RN                      
28110,2017-04-12,quarta-feira,13:50:00,RN,304.0,24,MOSSORO                                                     ,Ingestão de Álcool                                                                                  ,Queda de ocupante de veículo                                                                                                                                                                            ,Com Vítimas Feridas,Pleno dia           ,Crescente           ,Céu Claro           ,Dupla               ,Curva                         ,Não       ,1,0,1,0,0,0,1,1,-5.06679221,-37.33128548,SR-RN               ,DEL15/4                       ,UOP02/RN                      
28151,2017-04-12,quarta-feira,16:40:00,RN,101.0,"106,7",PARNAMIRIM                                                  ,Desobediência às normas de trânsito pelo condutor                                                   ,Atropelamento de Pedestre                                                                                                                                                                               ,Com Vítimas Feridas,Pleno dia           ,Crescente           ,Sol                 ,Dupla               ,Reta                          ,Sim       ,3,0,2,0,1,0,2,1,-5.9147289,-35.2625701,SR-RN               ,DEL15/1                       ,UOP01/RN                      
28159,2017-04-12,quarta-feira,17:20:00,RN,101.0,110,PARNAMIRIM                                                  ,Objeto estático sobre o leito carroçável                                                            ,Colisão traseira                                                                                                                                                                                        ,Com Vítimas Feridas,Plena Noite         ,Crescente           ,Céu Claro           ,Dupla               ,Reta                          ,Não       ,2,0,1,0,1,0,1,2,-5.9423,-35.2649,SR-RN               ,DEL15/1                       ,UOP01/RN                      
28208,2017-04-12,quarta-feira,19:55:00,RN,304.0,"238,7",RIACHUELO                                                   ,Falta de Atenção à Condução                                                                         ,Colisão transversal                                                                                                                                                                                     ,Com Vítimas Fatais,Plena Noite         ,Crescente           ,Garoa/Chuvisco      ,Simples             ,Reta                          ,Não       ,2,1,0,0,1,0,0,2,-5.7484,-35.9081,SR-RN               ,DEL15/1                       ,UOP02/RN                      
28221,2017-04-12,quarta-feira,20:38:00,RN,427.0,"100,8",CAICO                                                       ,Desobediência às normas de trânsito pelo condutor                                                   ,Colisão lateral                                                                                                                                                                                         ,Com Vítimas Feridas,Plena Noite         ,Crescente           ,Chuva               ,Simples             ,Interseção de vias            ,Sim       ,3,0,1,1,1,0,2,2,-6.46096014,-37.09905931,SR-RN               ,DEL15/3                       ,UOP01/RN                      
28350,2017-04-13,quinta-feira,08:40:00,RN,101.0,103,NATAL                                                       ,Defeito Mecânico no Veículo                                                                         ,Colisão traseira                                                                                                                                                                                        ,Com Vítimas Feridas,Pleno dia           ,Decrescente         ,Nublado             ,Dupla               ,Interseção de vias            ,Sim       ,4,0,3,0,1,0,3,3,-5.8902,-35.2494,SR-RN               ,DEL15/1                       ,UOP01/RN                      
28385,2017-04-13,quinta-feira,06:50:00,RN,406.0,"92,7",JOAO CAMARA                                                 ,Falta de Atenção à Condução                                                                         ,Saída de leito carroçável                                                                                                                                                                               ,Com Vítimas Feridas,Pleno dia           ,Crescente           ,Céu Claro           ,Simples             ,Reta                          ,Não       ,1,0,0,1,0,0,1,1,-5.47016511,-35.925275799999994,SR-RN               ,DEL15/2                       ,UOP01/RN                      