id,data_inversa,dia_semana,horario,uf,br,km,municipio,causa_acidente,tipo_acidente,classificacao_acidente,fase_dia,sentido_via,condicao_metereologica,tipo_pista,tracado_via,uso_solo,pessoas,mortos,feridos_leves,feridos_graves,ilesos,ignorados,feridos,veiculos,latitude,longitude,regional,delegacia,uop
33259,2017-04-30,domingo,04:20:00,RN,304.0,"44,1",MOSSORO                                                     ,Mal Súbito                                                                                          ,Queda de ocupante de veículo                                                                                                                                                                            ,Com Vítimas Feridas,Plena Noite         ,Decrescente         ,Céu Claro           ,Dupla               ,Reta                          ,Não       ,2,0,1,1,0,0,2,1,-5.22451998,-37.35275019,SR-RN               ,DEL15/4                       ,UOP01/RN                      
33389,2017-04-30,domingo,13:00:00,RN,405.0,96,SEVERIANO MELO                                              ,Defeito Mecânico no Veículo                                                                         ,Incêndio                                                                                                                                                                                                ,Sem Vítimas,Pleno dia           ,Crescente           ,Céu Claro           ,Simples             ,Reta                          ,Não       ,1,0,0,0,1,0,0,1,-5.7758,-37.8992,SR-RN               ,DEL15/4                       ,UOP02/RN                      
33395,2017-04-30,domingo,15:35:00,RN,406.0,150,CEARA-MIRIM                                                 ,Ingestão de Álcool                                                                                  ,Colisão com objeto estático                                                                                                                                                                             ,Sem Vítimas,Pleno dia           ,Crescente           ,Sol                 ,Simples             ,Reta                          ,Sim       ,1,0,0,0,1,0,0,1,-5.64990674,-35.43079823,SR-RN               ,DEL15/2                       ,UOP01/RN                      
33425,2017-04-30,domingo,19:10:00,RN,406.0,"146,5",CEARA-MIRIM                                                 ,Falta de Atenção à Condução                                                                         ,Colisão traseira                                                                                                                                                                                        ,Com Vítimas Fatais,Plena Noite         ,Crescente           ,Céu Claro           ,Simples             ,Reta                          ,Não       ,3,1,0,0,2,0,0,3,-5.64673574,-35.45781612,SR-RN               ,DEL15/2                       ,UOP01/RN                      
33617,2017-05-01,segunda-feira,15:45:00,RN,304.0,38,MOSSORO                                                     ,Desobediência às normas de trânsito pelo condutor                                                   ,Colisão transversal                                                                                                                                                                                     ,Com Vítimas Feridas,Pleno dia           ,Crescente           ,Céu Claro           ,Dupla               ,Reta                          ,Sim       ,2,0,1,0,1,0,1,2,-5.18631418,-37.37253785,SR-RN               ,DEL15/4                       ,UOP02/RN                      
33626,2017-05-01,segunda-feira,16:20:00,RN,101.0,"66,5",EXTREMOZ                                                    ,Falta de Atenção à Condução                                                                         ,Engavetamento                                                                                                                                                                                           ,Sem Vítimas,Pleno dia           ,Crescente           ,Nublado             ,Simples             ,Desvio Temporário             ,Não       ,4,0,0,0,4,0,0,4,-5.65322719,-35.24963379,SR-RN               ,DEL15/2                       ,UOP01/RN                      
33652,2017-05-01,segunda-feira,17:40:00,RN,304.0,47,MOSSORO                                                     ,Deficiência ou não Acionamento do Sistema de Iluminação/Sinalização do Veículo                      ,Colisão traseira                                                                                                                                                                                        ,Com Vítimas Feridas,Anoitecer           ,Crescente           ,Céu Claro           ,Simples             ,Reta                          ,Não       ,2,0,1,0,1,0,1,1,-5.2352759,-37.3182391,SR-RN               ,DEL15/4                       ,UOP01/RN                      
33655,2017-05-01,segunda-feira,17:50:00,RN,226.0,"13,6",MACAIBA                                                     ,Falta de Atenção à Condução                                                                         ,Atropelamento de Pedestre                                                                                                                                                                               ,Com Vítimas Feridas,Plena Noite         ,Decrescente         ,Nublado             ,Simples             ,Reta                          ,Sim       ,3,0,2,0,1,0,2,1,-5.85304857,-35.32573879,SR-RN               ,DEL15/1                       ,UOP02/RN                      
33657,2017-05-01,segunda-feira,18:20:00,RN,304.0,"296,6",MACAIBA                                                     ,Falta de Atenção à Condução                                                                         ,Colisão traseira                                                                                                                                                                                        ,Com Vítimas Feridas,Plena Noite         ,Crescente           ,Céu Claro           ,Simples             ,Reta                          ,Sim       ,3,0,1,1,0,1,2,2,-5.865458,-35.354058,SR-RN               ,DEL15/1                       ,UOP02/RN                      
33710,2017-05-01,segunda-feira,20:10:00,RN,101.0,"147,8",GOIANINHA                                                   ,Animais na Pista                                                                                    ,Atropelamento de Animal                                                                                                                                                                                 ,Com Vítimas Feridas,Plena Noite         ,Crescente           ,Céu Claro           ,Simples             ,Reta                          ,Sim       ,2,0,0,1,1,0,1,1,-6.26170099,-35.21179965,SR-RN               ,DEL15/1                       ,UOP01/RN                      
33802,2017-05-02,terça-feira,08:00:00,RN,101.0,"95,1",NATAL                                                       ,Falta de Atenção à Condução                                                                         ,Colisão lateral                                                                                                                                                                                         ,Com Vítimas Feridas,Pleno dia           ,Decrescente         ,Nublado             ,Múltipla            ,Reta                          ,Sim       ,2,0,1,0,1,0,1,2,-5.84014488,-35.21058083,SR-RN               ,DEL15/1                       ,UOP01/RN                      
33896,2017-05-02,terça-feira,15:00:00,RN,304.0,"297,2",MACAIBA                                                     ,Falta de Atenção à Condução                                                                         ,Colisão transversal                                                                                                                                                                                     ,Com Vítimas Feridas,Pleno dia           ,Crescente           ,Nublado             ,Simples             ,Reta                          ,Sim       ,3,0,2,0,1,0,2,2,-5.86488008,-35.34457968,SR-RN               ,DEL15/1                       ,UOP02/RN                      
33899,2017-01-14,sábado,20:30:00,RN,101.0,80,SAO GONCALO DO AMARANTE                                     ,Falta de Atenção do Pedestre                                                                        ,Atropelamento de Pedestre                                                                                                                                                                               ,Com Vítimas Feridas,Plena Noite         ,Crescente           ,Céu Claro           ,Dupla               ,Reta                          ,Sim       ,2,0,0,1,1,0,1,1,-5.76199065,-35.28732419,SR-RN               ,DEL15/2                       ,UOP01/RN                      
33983,2017-05-02,terça-feira,20:00:00,RN,304.0,113,ACU                                                         ,Objeto estático sobre o leito carroçável                                                            ,Atropelamento de Animal                                                                                                                                                                                 ,Com Vítimas Feridas,Plena Noite         ,Crescente           ,Céu Claro           ,Dupla               ,Reta                          ,Não       ,1,0,1,0,0,0,1,1,-5.606162,-36.912354,SR-RN               ,DEL15/4                       ,UOP01/RN                      
33994,2017-05-02,terça-feira,22:35:00,RN,304.0,298,MACAIBA                                                     ,Animais na Pista                                                                                    ,Atropelamento de Animal                                                                                                                                                                                 ,Com Vítimas Feridas,Plena Noite         ,Crescente           ,Céu Claro           ,Simples             ,Reta                          ,Não       ,1,0,0,1,0,0,1,1,-5.86778766,-35.37033319,SR-RN               ,DEL15/1                       ,UOP02/RN                      
34059,2017-02-04,sábado,16:30:00,RN,406.0,144,CEARA-MIRIM                                                 ,Falta de Atenção à Condução                                                                         ,Colisão transversal                                                                                                                                                                                     ,Com Vítimas Feridas,Pleno dia           ,Crescente           ,Céu Claro           ,Simples             ,Reta                          ,Não       ,2,0,0,1,0,1,1,2,-5.6476,-35.4898,SR-RN               ,DEL15/2                       ,UOP01/RN                      
34168,2017-05-03,quarta-feira,17:30:00,RN,101.0,"85,2",NATAL                                                       ,Defeito Mecânico no Veículo                                                                         ,Colisão com objeto em movimento                                                                                                                                                                         ,Com Vítimas Feridas,Anoitecer           ,Decrescente         ,Céu Claro           ,Simples             ,Reta                          ,Sim       ,2,0,1,0,1,0,1,2,-5.77724003,-35.25215997,SR-RN               ,DEL15/2                       ,UOP01/RN                      
34181,2017-05-03,quarta-feira,18:46:00,RN,304.0,"191,7",LAJES                                                       ,Falta de Atenção à Condução                                                                         ,Colisão traseira                                                                                                                                                                                        ,Sem Vítimas,Plena Noite         ,Crescente           ,Céu Claro           ,Simples             ,Reta                          ,Sim       ,2,0,0,0,0,2,0,2,-5.70533758,-36.24613613,SR-RN               ,DEL15/1                       ,UOP03/RN                      
34255,2017-05-03,quarta-feira,13:50:00,RN,406.0,"118,4",POCO BRANCO                                                 ,Pista Escorregadia                                                                                  ,Capotamento                                                                                                                                                                                             ,Com Vítimas Feridas,Pleno dia           ,Decrescente         ,Céu Claro           ,Simples             ,Reta                          ,Não       ,1,0,1,0,0,0,1,1,-5.57847995,-35.68424016,SR-RN               ,DEL15/2                       ,UOP01/RN                      
34288,2017-05-04,quinta-feira,07:30:00,RN,405.0,1,MOSSORO                                                     ,Falta de Atenção à Condução                                                                         ,Colisão transversal                                                                                                                                                                                     ,Com Vítimas Feridas,Pleno dia           ,Crescente           ,Sol                 ,Dupla               ,Reta                          ,Não       ,2,0,1,0,1,0,1,2,-5.1916,-37.3611,SR-RN               ,DEL15/4                       ,UOP02/RN                      
34296,2017-05-04,quinta-feira,08:00:00,RN,101.0,77,SAO GONCALO DO AMARANTE                                     ,Falta de Atenção à Condução                                                                         ,Colisão lateral                                                                                                                                                                                         ,Com Vítimas Feridas,Pleno dia           ,Crescente           ,Céu Claro           ,Dupla               ,Reta                          ,Sim       ,2,0,0,2,0,0,2,2,-5.73790035,-35.29076815,SR-RN               ,DEL15/2                       ,UOP01/RN                      
34327,2017-05-04,quinta-feira,10:35:00,RN,304.0,"47,2",MOSSORO                                                     ,Falta de Atenção à Condução                                                                         ,Incêndio                                                                                                                                                                                                ,Sem Vítimas,Pleno dia           ,Crescente           ,Céu Claro           ,Dupla               ,Curva                         ,Sim       ,2,0,0,0,2,0,0,1,-5.22670862,-37.32533097,SR-RN               ,DEL15/4                       ,UOP01/RN                      
34399,2017-05-04,quinta-feira,15:53:00,RN,101.0,97,NATAL                                                       ,Restrição de Visibilidade                                                                           ,Colisão traseira                                                                                                                                                                                        ,Com Vítimas Feridas,Pleno dia           ,Decrescente         ,Nublado             ,Simples             ,Reta                          ,Sim       ,2,0,1,0,1,0,1,2,-5.8475651,-35.2073766,SR-RN               ,DEL15/1                       ,UOP01/RN                      
34450,2017-05-04,quinta-feira,20:45:00,RN,406.0,"146,7",CEARA-MIRIM                                                 ,Animais na Pista                                                                                    ,Atropelamento de Animal                                                                                                                                                                                 ,Com Vítimas Feridas,Plena Noite         ,Decrescente         ,Céu Claro           ,Simples             ,Reta                          ,Não       ,1,0,1,0,0,0,1,1,-5.6444139,-35.46536922,SR-RN               ,DEL15/2                       ,UOP01/RN                      
34492,2017-05-05,sexta-feira,01:30:00,RN,101.0,105,PARNAMIRIM                                                  ,Falta de Atenção à Condução                                                                         ,Colisão lateral                                                                                                                                                                                         ,Com Vítimas Feridas,Plena Noite         ,Crescente           ,Nublado             ,Dupla               ,Reta                          ,Sim       ,2,0,1,0,0,1,1,2,-5.9003962,-35.25909185,SR-RN               ,DEL15/1                       ,UOP01/RN                      
34526,2017-05-05,sexta-feira,07:30:00,RN,110.0,"50,1",MOSSORO                                                     ,Não guardar distância de segurança                                                                  ,Colisão lateral                                                                                                                                                                                         ,Com Vítimas Feridas,Pleno dia           ,Decrescente         ,Céu Claro           ,Dupla               ,Reta                          ,Sim       ,2,0,1,0,1,0,1,2,-5.22158991,-37.32720992,SR-RN               ,DEL15/4                       ,UOP01/RN                      
34530,2017-05-05,sexta-feira,07:30:00,RN,101.0,107,PARNAMIRIM                                                  ,Não guardar distância de segurança                                                                  ,Tombamento                                                                                                                                                                                              ,Com Vítimas Feridas,Pleno dia           ,Decrescente         ,Céu Claro           ,Dupla               ,Reta                          ,Sim       ,2,0,2,0,0,0,2,1,-5.9148,-35.2624,SR-RN               ,DEL15/1                       ,UOP01/RN                      
34649,2017-05-05,sexta-feira,16:40:00,RN,226.0,"2,4",NATAL                                                       ,Não guardar distância de segurança                                                                  ,Colisão traseira                                                                                                                                                                                        ,Com Vítimas Feridas,Pleno dia           ,Decrescente         ,Céu Claro           ,Simples             ,Reta                          ,Sim       ,3,0,2,0,1,0,2,2,-5.816885,-35.249426,SR-RN               ,DEL15/1                       ,UOP02/RN                      
34670,2017-05-05,sexta-feira,17:55:00,RN,110.0,95,UPANEMA                                                     ,Falta de Atenção à Condução                                                                         ,Colisão traseira                                                                                                                                                                                        ,Com Vítimas Feridas,Anoitecer           ,Decrescente         ,Céu Claro           ,Simples             ,Reta                          ,Não       ,2,0,0,1,0,1,1,2,-5.60065011,-37.28261948,SR-RN               ,DEL15/4                       ,UOP01/RN                      
34737,2017-05-05,sexta-feira,20:40:00,RN,406.0,"163,9",SAO GONCALO DO AMARANTE                                     ,Animais na Pista                                                                                    ,Atropelamento de Animal                                                                                                                                                                                 ,Com Vítimas Feridas,Plena Noite         ,Decrescente         ,Céu Claro           ,Simples             ,Curva                         ,Não       ,2,0,0,2,0,0,2,1,-5.737799900000001,-35.35344007,SR-RN               ,DEL15/2                       ,UOP01/RN                      
34749,2017-05-05,sexta-feira,19:45:00,RN,405.0,"72,2",APODI                                                       ,Ingestão de Álcool                                                                                  ,Colisão frontal                                                                                                                                                                                         ,Com Vítimas Feridas,Plena Noite         ,Decrescente         ,Céu Claro           ,Simples             ,Curva                         ,Não       ,2,0,1,0,1,0,1,2,-5.62841411,-37.80022144,SR-RN               ,DEL15/4                       ,UOP02/RN                      
34781,2017-05-05,sexta-feira,23:40:00,RN,101.0,125,SAO JOSE DE MIPIBU                                          ,Falta de Atenção do Pedestre                                                                        ,Atropelamento de Pedestre                                                                                                                                                                               ,Com Vítimas Fatais,Plena Noite         ,Crescente           ,Céu Claro           ,Dupla               ,Reta                          ,Sim       ,2,1,0,0,1,0,0,1,-6.0718439,-35.236524200000005,SR-RN               ,DEL15/1                       ,UOP01/RN                      
34793,2017-05-06,sábado,02:30:00,RN,101.0,"161,5",CANGUARETAMA                                                ,Ingestão de Álcool                                                                                  ,Colisão frontal                                                                                                                                                                                         ,Com Vítimas Feridas,Plena Noite         ,Crescente           ,Céu Claro           ,Dupla               ,Reta                          ,Sim       ,2,0,0,1,1,0,1,2,-6.3702001,-35.15324994,SR-RN               ,DEL15/1                       ,UOP01/RN                      
34900,2017-03-31,sexta-feira,00:10:00,RN,304.0,"288,8",MACAIBA                                                     ,Não guardar distância de segurança                                                                  ,Colisão traseira                                                                                                                                                                                        ,Com Vítimas Feridas,Plena Noite         ,Crescente           ,Nublado             ,Simples             ,Reta                          ,Não       ,2,0,1,0,1,0,1,2,-5.86840042,-35.42012143,SR-RN               ,DEL15/1                       ,UOP02/RN                      
34903,2017-05-06,sábado,10:50:00,RN,226.0,"2,4",NATAL                                                       ,Falta de Atenção à Condução                                                                         ,Colisão transversal                                                                                                                                                                                     ,Com Vítimas Feridas,Pleno dia           ,Decrescente         ,Céu Claro           ,Simples             ,Reta                          ,Sim       ,2,0,2,0,0,0,2,2,-5.81657988,-35.24899992,SR-RN               ,DEL15/1                       ,UOP02/RN                      
35117,2017-05-07,domingo,00:30:00,RN,405.0,"1,6",MOSSORO                                                     ,Ingestão de Álcool                                                                                  ,Colisão transversal                                                                                                                                                                                     ,Com Vítimas Feridas,Plena Noite         ,Crescente           ,Céu Claro           ,Dupla               ,Reta                          ,Sim       ,2,0,1,0,0,1,1,2,-5.192296099999999,-37.3677502,SR-RN               ,DEL15/4                       ,UOP02/RN                      
35228,2017-05-07,domingo,12:00:00,RN,110.0,"110,9",AUGUSTO SEVERO                                              ,Desobediência às normas de trânsito pelo condutor                                                   ,Colisão lateral                                                                                                                                                                                         ,Com Vítimas Feridas,Pleno dia           ,Crescente           ,Céu Claro           ,Simples             ,Curva                         ,Não       ,2,0,1,0,1,0,1,2,-5.86264,-37.3107,SR-RN               ,DEL15/4                       ,UOP01/RN                      
35272,2017-05-07,domingo,16:00:00,RN,110.0,99,UPANEMA                                                     ,Falta de Atenção à Condução                                                                         ,Colisão lateral                                                                                                                                                                                         ,Com Vítimas Feridas,Pleno dia           ,Decrescente         ,Céu Claro           ,Dupla               ,Reta                          ,Sim       ,2,0,1,0,1,0,1,2,-5.642353,-37.258083,SR-RN               ,DEL15/4                       ,UOP01/RN                      
35286,2017-05-07,domingo,15:55:00,RN,304.0,24,MOSSORO                                                     ,Ingestão de Álcool                                                                                  ,Tombamento                                                                                                                                                                                              ,Com Vítimas Feridas,Pleno dia           ,Crescente           ,Céu Claro           ,Dupla               ,Rotatória                     ,Não       ,2,0,1,1,0,0,2,1,-5.0667304,-37.33096898,SR-RN               ,DEL15/4                       ,UOP02/RN                      
35403,2017-05-08,segunda-feira,00:30:00,RN,304.0,47,MOSSORO                                                     ,Ingestão de Álcool                                                                                  ,Colisão com objeto estático                                                                                                                                                                             ,Com Vítimas Feridas,Plena Noite         ,Crescente           ,Céu Claro           ,Dupla               ,Reta                          ,Não       ,1,0,1,0,0,0,1,1,-5.22607148,-37.32701004,SR-RN               ,DEL15/4                       ,UOP01/RN                      
35570,2017-05-08,segunda-feira,14:30:00,RN,101.0,104,PARNAMIRIM                                                  ,Não guardar distância de segurança                                                                  ,Colisão traseira                                                                                                                                                                                        ,Com Vítimas Feridas,Pleno dia           ,Decrescente         ,Nublado             ,Dupla               ,Viaduto                       ,Sim       ,2,0,1,0,1,0,1,2,-5.89300116,-35.25722712,SR-RN               ,DEL15/1                       ,UOP01/RN                      
35616,2017-05-08,segunda-feira,18:00:00,RN,304.0,"284,9",MACAIBA                                                     ,Ingestão de Álcool                                                                                  ,Colisão frontal                                                                                                                                                                                         ,Sem Vítimas,Plena Noite         ,Crescente           ,Nublado             ,Simples             ,Reta                          ,Não       ,2,0,0,0,2,0,0,2,-5.879009,-35.454768,SR-RN               ,DEL15/1                       ,UOP02/RN                      
35679,2017-05-08,segunda-feira,22:45:00,RN,101.0,"65,2",CEARA-MIRIM                                                 ,Animais na Pista                                                                                    ,Atropelamento de Animal                                                                                                                                                                                 ,Com Vítimas Feridas,Plena Noite         ,Decrescente         ,Chuva               ,Simples             ,Reta                          ,Não       ,2,0,0,2,0,0,2,1,-5.64183313,-35.25019705,SR-RN               ,DEL15/2                       ,UOP01/RN                      
35719,2017-05-09,terça-feira,07:25:00,RN,101.0,104,PARNAMIRIM                                                  ,Não guardar distância de segurança                                                                  ,Colisão traseira                                                                                                                                                                                        ,Com Vítimas Feridas,Pleno dia           ,Decrescente         ,Garoa/Chuvisco      ,Dupla               ,Viaduto                       ,Sim       ,3,0,2,0,1,0,2,2,-5.8923,-35.2581,SR-RN               ,DEL15/1                       ,UOP01/RN                      
35727,2017-05-09,terça-feira,06:48:00,RN,101.0,103,PARNAMIRIM                                                  ,Falta de Atenção à Condução                                                                         ,Colisão traseira                                                                                                                                                                                        ,Sem Vítimas,Pleno dia           ,Decrescente         ,Chuva               ,Dupla               ,Reta                          ,Sim       ,2,0,0,0,2,0,0,2,-5.8902,-35.2494,SR-RN               ,DEL15/1                       ,UOP01/RN                      
35831,2017-05-09,terça-feira,17:30:00,RN,304.0,48,MOSSORO                                                     ,Não guardar distância de segurança                                                                  ,Colisão lateral                                                                                                                                                                                         ,Com Vítimas Feridas,Anoitecer           ,Decrescente         ,Céu Claro           ,Dupla               ,Reta                          ,Sim       ,2,0,1,0,0,1,1,2,-5.2308,-37.3208,SR-RN               ,DEL15/4                       ,UOP01/RN                      
35912,2017-05-10,quarta-feira,03:50:00,RN,406.0,108,JOAO CAMARA                                                 ,Condutor Dormindo                                                                                   ,Colisão com objeto estático                                                                                                                                                                             ,Com Vítimas Feridas,Plena Noite         ,Decrescente         ,Céu Claro           ,Simples             ,Reta                          ,Não       ,2,0,2,0,0,0,2,1,-5.5506,-35.774,SR-RN               ,DEL15/2                       ,UOP01/RN                      
36038,2017-05-10,quarta-feira,17:15:00,RN,101.0,"100,7",NATAL                                                       ,Defeito Mecânico no Veículo                                                                         ,Colisão traseira                                                                                                                                                                                        ,Com Vítimas Feridas,Anoitecer           ,Crescente           ,Céu Claro           ,Múltipla            ,Viaduto                       ,Sim       ,3,0,0,1,1,1,1,2,-5.8805,-35.2255,SR-RN               ,DEL15/1                       ,UOP01/RN                      
36266,2017-05-11,quinta-feira,12:30:00,RN,101.0,68,EXTREMOZ                                                    ,Defeito na Via                                                                                      ,Tombamento                                                                                                                                                                                              ,Com Vítimas Feridas,Pleno dia           ,Crescente           ,Céu Claro           ,Simples             ,Ponte                         ,Não       ,1,0,0,1,0,0,1,1,-5.6646,-35.251,SR-RN               ,DEL15/2                       ,UOP01/RN                      
36288,2017-05-11,quinta-feira,15:30:00,RN,226.0,"116,1",SANTA CRUZ                                                  ,Pista Escorregadia                                                                                  ,Capotamento                                                                                                                                                                                             ,Com Vítimas Feridas,Pleno dia           ,Decrescente         ,Nevoeiro/Neblina    ,Simples             ,Reta                          ,Não       ,1,0,0,1,0,0,1,1,-6.20007006,-36.03520989,SR-RN               ,DEL15/3                       ,UOP02/RN                      
36356,2017-05-11,quinta-feira,18:40:00,RN,110.0,"45,2",MOSSORO                                                     ,Não guardar distância de segurança                                                                  ,Colisão traseira                                                                                                                                                                                        ,Com Vítimas Feridas,Plena Noite         ,Decrescente         ,Céu Claro           ,Simples             ,Reta                          ,Sim       ,3,0,0,2,1,0,2,2,-5.19448324,-37.31368244,SR-RN               ,DEL15/4                       ,UOP01/RN                      
36534,2017-05-12,sexta-feira,14:35:00,RN,226.0,"164,9",CURRAIS NOVOS                                               ,Ultrapassagem Indevida                                                                              ,Capotamento                                                                                                                                                                                             ,Sem Vítimas,Pleno dia           ,Decrescente         ,Céu Claro           ,Simples             ,Reta                          ,Não       ,1,0,0,0,1,0,0,1,-6.2173003,-36.42428041,SR-RN               ,DEL15/3                       ,UOP02/RN                      
36717,2017-05-13,sábado,04:00:00,RN,101.0,109,PARNAMIRIM                                                  ,Ingestão de Álcool                                                                                  ,Colisão com objeto estático                                                                                                                                                                             ,Com Vítimas Feridas,Plena Noite         ,Crescente           ,Céu Claro           ,Dupla               ,Reta                          ,Não       ,1,0,0,1,0,0,1,1,-5.939132,-35.264540999999994,SR-RN               ,DEL15/1                       ,UOP01/RN                      
36743,2017-05-13,sábado,05:15:00,RN,226.0,0,NATAL                                                       ,Ingestão de Álcool                                                                                  ,Colisão transversal                                                                                                                                                                                     ,Com Vítimas Feridas,Pleno dia           ,Crescente           ,Céu Claro           ,Simples             ,Não Informado                 ,Sim       ,2,0,1,0,1,0,1,2,-5.80249409,-35.23776233,SR-RN               ,DEL15/1                       ,UOP02/RN                      
36793,2017-05-13,sábado,09:00:00,RN,226.0,"116,2",SANTA CRUZ                                                  ,Ultrapassagem Indevida                                                                              ,Colisão lateral                                                                                                                                                                                         ,Com Vítimas Feridas,Pleno dia           ,Decrescente         ,Céu Claro           ,Simples             ,Reta                          ,Não       ,2,0,1,0,1,0,1,2,-6.19602174,-36.04372859,SR-RN               ,DEL15/3                       ,UOP02/RN                      
36911,2017-05-13,sábado,17:20:00,RN,304.0,"35,5",MOSSORO                                                     ,Ingestão de Álcool                                                                                  ,Colisão lateral                                                                                                                                                                                         ,Sem Vítimas,Pleno dia           ,Crescente           ,Céu Claro           ,Dupla               ,Rotatória                     ,Sim       ,2,0,0,0,2,0,0,2,-5.16562153,-37.35239178,SR-RN               ,DEL15/4                       ,UOP02/RN                      
37130,2017-05-14,domingo,11:35:00,RN,304.0,"299,9",MACAIBA                                                     ,Falta de Atenção à Condução                                                                         ,Colisão traseira                                                                                                                                                                                        ,Com Vítimas Feridas,Pleno dia           ,Crescente           ,Céu Claro           ,Dupla               ,Reta                          ,Não       ,3,0,0,1,2,0,1,2,-5.87184057,-35.32040823,SR-RN               ,DEL15/1                       ,UOP02/RN                      
37179,2017-05-14,domingo,15:30:00,RN,101.0,121,SAO JOSE DE MIPIBU                                          ,Não guardar distância de segurança                                                                  ,Colisão lateral                                                                                                                                                                                         ,Com Vítimas Feridas,Pleno dia           ,Decrescente         ,Céu Claro           ,Dupla               ,Reta                          ,Não       ,1,0,1,0,0,0,1,1,-6.039,-35.2475,SR-RN               ,DEL15/1                       ,UOP01/RN                      
37272,2017-05-14,domingo,18:40:00,RN,101.0,"85,2",NATAL                                                       ,Não guardar distância de segurança                                                                  ,Colisão traseira                                                                                                                                                                                        ,Com Vítimas Feridas,Plena Noite         ,Crescente           ,Céu Claro           ,Dupla               ,Reta                          ,Sim       ,3,0,0,1,2,0,1,3,-5.7786962,-35.24889082,SR-RN               ,DEL15/2                       ,UOP01/RN                      
37371,2017-05-15,segunda-feira,05:00:00,RN,226.0,"2,5",NATAL                                                       ,Ingestão de Álcool                                                                                  ,Atropelamento de Pedestre                                                                                                                                                                               ,Com Vítimas Feridas,Amanhecer           ,Decrescente         ,Céu Claro           ,Simples             ,Reta                          ,Sim       ,2,0,1,1,0,0,2,1,-5.81729985,-35.2494999,SR-RN               ,DEL15/1                       ,UOP02/RN                      
37379,2017-05-15,segunda-feira,06:50:00,RN,304.0,"47,4",MOSSORO                                                     ,Falta de Atenção à Condução                                                                         ,Colisão transversal                                                                                                                                                                                     ,Com Vítimas Feridas,Pleno dia           ,Decrescente         ,Céu Claro           ,Dupla               ,Reta                          ,Sim       ,3,0,0,2,1,0,2,2,-5.22709717,-37.3231101,SR-RN               ,DEL15/4                       ,UOP01/RN                      
37510,2017-05-14,domingo,04:50:00,RN,110.0,81,GOVERNADOR DIX-SEPT ROSADO                                  ,Ingestão de Álcool                                                                                  ,Colisão traseira                                                                                                                                                                                        ,Sem Vítimas,Amanhecer           ,Decrescente         ,Céu Claro           ,Simples             ,Reta                          ,Não       ,2,0,0,0,1,1,0,2,-5.499205,-37.326159999999994,SR-RN               ,DEL15/4                       ,UOP01/RN                      
37535,2017-05-15,segunda-feira,17:10:00,RN,226.0,"1,2",NATAL                                                       ,Falta de Atenção do Pedestre                                                                        ,Atropelamento de Pedestre                                                                                                                                                                               ,Com Vítimas Feridas,Anoitecer           ,Crescente           ,Céu Claro           ,Dupla               ,Retorno Regulamentado         ,Sim       ,3,0,0,1,0,2,1,1,-5.80807115,-35.24352103,SR-RN               ,DEL15/1                       ,UOP02/RN                      
37703,2017-05-16,terça-feira,11:20:00,RN,226.0,176,CURRAIS NOVOS                                               ,Falta de Atenção do Pedestre                                                                        ,Atropelamento de Pedestre                                                                                                                                                                               ,Com Vítimas Feridas,Pleno dia           ,Crescente           ,Céu Claro           ,Dupla               ,Interseção de vias            ,Sim       ,3,0,2,0,1,0,2,1,-6.257999999999999,-36.5073,SR-RN               ,DEL15/3                       ,UOP02/RN                      
37745,2017-05-16,terça-feira,13:10:00,RN,101.0,"111,8",PARNAMIRIM                                                  ,Não guardar distância de segurança                                                                  ,Colisão traseira                                                                                                                                                                                        ,Com Vítimas Feridas,Pleno dia           ,Crescente           ,Céu Claro           ,Múltipla            ,Não Informado                 ,Não       ,3,0,1,0,2,0,1,3,-5.958302,-35.264711,SR-RN               ,DEL15/1                       ,UOP01/RN                      
37793,2017-05-16,terça-feira,17:40:00,RN,304.0,"31,2",MOSSORO                                                     ,Falta de Atenção à Condução                                                                         ,Colisão lateral                                                                                                                                                                                         ,Com Vítimas Feridas,Anoitecer           ,Crescente           ,Céu Claro           ,Simples             ,Reta                          ,Não       ,3,0,0,1,0,2,1,2,-5.13124043,-37.34410009,SR-RN               ,DEL15/4                       ,UOP02/RN                      