id,data_inversa,dia_semana,horario,uf,br,km,municipio,causa_acidente,tipo_acidente,classificacao_acidente,fase_dia,sentido_via,condicao_metereologica,tipo_pista,tracado_via,uso_solo,pessoas,mortos,feridos_leves,feridos_graves,ilesos,ignorados,feridos,veiculos,latitude,longitude,regional,delegacia,uop
37811,2017-05-16,terça-feira,18:35:00,RN,427.0,"21,5",ACARI                                                       ,Ultrapassagem Indevida                                                                              ,Colisão frontal                                                                                                                                                                                         ,Com Vítimas Feridas,Plena Noite         ,Crescente           ,Céu Claro           ,Simples             ,Desvio Temporário             ,Não       ,8,0,4,3,1,0,7,3,-6.38715107,-36.62780046,SR-RN               ,DEL15/3                       ,UOP02/RN                      
37946,2017-05-17,quarta-feira,08:50:00,RN,427.0,"25,7",ACARI                                                       ,Falta de Atenção à Condução                                                                         ,Colisão transversal                                                                                                                                                                                     ,Com Vítimas Fatais,Pleno dia           ,Decrescente         ,Céu Claro           ,Simples             ,Curva                         ,Não       ,3,1,2,0,0,0,2,2,-6.41861935,-36.64216728,SR-RN               ,DEL15/3                       ,UOP02/RN                      
38021,2017-05-17,quarta-feira,13:45:00,RN,101.0,97,NATAL                                                       ,Falta de Atenção à Condução                                                                         ,Colisão transversal                                                                                                                                                                                     ,Com Vítimas Feridas,Pleno dia           ,Crescente           ,Céu Claro           ,Simples             ,Reta                          ,Sim       ,2,0,1,0,1,0,1,2,-5.7792569,-35.200916,SR-RN               ,DEL15/1                       ,UOP01/RN                      
38061,2017-05-17,quarta-feira,16:40:00,RN,101.0,109,PARNAMIRIM                                                  ,Desobediência às normas de trânsito pelo condutor                                                   ,Colisão transversal                                                                                                                                                                                     ,Com Vítimas Feridas,Anoitecer           ,Crescente           ,Céu Claro           ,Dupla               ,Reta                          ,Sim       ,2,0,0,2,0,0,2,2,-5.92724165,-35.26488215,SR-RN               ,DEL15/1                       ,UOP01/RN                      
38622,2017-05-19,sexta-feira,14:30:00,RN,226.0,"176,1",CURRAIS NOVOS                                               ,Falta de Atenção à Condução                                                                         ,Colisão transversal                                                                                                                                                                                     ,Com Vítimas Feridas,Pleno dia           ,Decrescente         ,Céu Claro           ,Dupla               ,Reta                          ,Sim       ,2,0,1,0,1,0,1,2,-6.26423276,-36.5187934,SR-RN               ,DEL15/3                       ,UOP02/RN                      
38727,2017-05-19,sexta-feira,17:55:00,RN,101.0,"75,4",SAO GONCALO DO AMARANTE                                     ,Objeto estático sobre o leito carroçável                                                            ,Colisão com objeto estático                                                                                                                                                                             ,Com Vítimas Feridas,Anoitecer           ,Crescente           ,Céu Claro           ,Dupla               ,Reta                          ,Não       ,2,0,2,0,0,0,2,1,-5.72184051,-35.27818071,SR-RN               ,DEL15/2                       ,UOP01/RN                      
38808,2017-05-19,sexta-feira,21:45:00,RN,304.0,"38,6",MOSSORO                                                     ,Falta de Atenção do Pedestre                                                                        ,Atropelamento de Pedestre                                                                                                                                                                               ,Com Vítimas Feridas,Plena Noite         ,Decrescente         ,Céu Claro           ,Dupla               ,Reta                          ,Sim       ,2,0,0,1,1,0,1,1,-5.18756023,-37.37342019,SR-RN               ,DEL15/4                       ,UOP02/RN                      
38841,2017-05-19,sexta-feira,23:00:00,RN,405.0,"160,9",RAFAEL FERNANDES                                            ,Falta de Atenção à Condução                                                                         ,Colisão transversal                                                                                                                                                                                     ,Com Vítimas Feridas,Plena Noite         ,Crescente           ,Céu Claro           ,Simples             ,Reta                          ,Sim       ,3,0,1,1,1,0,2,2,-6.19431109,-38.22573051,SR-RN               ,DEL15/4                       ,UOP02/RN                      
38849,2017-05-19,sexta-feira,23:50:00,RN,304.0,"231,8",RIACHUELO                                                   ,Pista Escorregadia                                                                                  ,Saída de leito carroçável                                                                                                                                                                               ,Sem Vítimas,Plena Noite         ,Crescente           ,Nublado             ,Simples             ,Curva                         ,Não       ,1,0,0,0,1,0,0,1,-5.7528809999999995,-35.892018,SR-RN               ,DEL15/1                       ,UOP02/RN                      
38940,2017-05-20,sábado,08:00:00,RN,101.0,80,NATAL                                                       ,Falta de Atenção à Condução                                                                         ,Colisão lateral                                                                                                                                                                                         ,Com Vítimas Feridas,Pleno dia           ,Crescente           ,Nublado             ,Dupla               ,Reta                          ,Sim       ,3,0,2,0,1,0,2,2,-5.76353162,-35.28661339999999,SR-RN               ,DEL15/2                       ,UOP01/RN                      
38976,2017-05-20,sábado,07:20:00,RN,406.0,148,CEARA-MIRIM                                                 ,Falta de Atenção à Condução                                                                         ,Colisão lateral                                                                                                                                                                                         ,Sem Vítimas,Pleno dia           ,Crescente           ,Céu Claro           ,Simples             ,Reta                          ,Sim       ,2,0,0,0,2,0,0,2,-5.64700942,-35.45392513,SR-RN               ,DEL15/2                       ,UOP01/RN                      
39027,2017-05-20,sábado,12:30:00,RN,405.0,"161,5",RAFAEL FERNANDES                                            ,Falta de Atenção à Condução                                                                         ,Capotamento                                                                                                                                                                                             ,Sem Vítimas,Pleno dia           ,Crescente           ,Céu Claro           ,Simples             ,Reta                          ,Não       ,1,0,0,0,1,0,0,1,-6.1995441,-38.226058200000004,SR-RN               ,DEL15/4                       ,UOP02/RN                      
39060,2017-05-20,sábado,15:30:00,RN,406.0,"132,2",TAIPU                                                       ,Ingestão de Álcool                                                                                  ,Colisão transversal                                                                                                                                                                                     ,Com Vítimas Feridas,Pleno dia           ,Decrescente         ,Céu Claro           ,Simples             ,Reta                          ,Sim       ,2,0,1,0,1,0,1,2,-5.63867472,-35.58655411,SR-RN               ,DEL15/2                       ,UOP01/RN                      
39202,2017-05-20,sábado,23:30:00,RN,427.0,"100,7",CAICO                                                       ,Mal Súbito                                                                                          ,Tombamento                                                                                                                                                                                              ,Sem Vítimas,Plena Noite         ,Decrescente         ,Céu Claro           ,Simples             ,Reta                          ,Sim       ,1,0,0,0,1,0,0,1,-6.45993167,-37.1001032,SR-RN               ,DEL15/3                       ,UOP01/RN                      
39336,2017-05-21,domingo,11:15:00,RN,101.0,"98,5",NATAL                                                       ,Falta de Atenção do Pedestre                                                                        ,Atropelamento de Pedestre                                                                                                                                                                               ,Com Vítimas Fatais,Pleno dia           ,Crescente           ,Céu Claro           ,Múltipla            ,Reta                          ,Sim       ,4,1,0,0,0,3,0,2,-5.86774497,-35.21770477,SR-RN               ,DEL15/1                       ,UOP01/RN                      
39399,2017-05-21,domingo,16:00:00,RN,226.0,"3,3",NATAL                                                       ,Falta de Atenção à Condução                                                                         ,Colisão lateral                                                                                                                                                                                         ,Com Vítimas Feridas,Pleno dia           ,Crescente           ,Céu Claro           ,Simples             ,Reta                          ,Sim       ,2,0,1,0,1,0,1,2,-5.82162666,-35.25397897,SR-RN               ,DEL15/1                       ,UOP02/RN                      
39403,2017-05-21,domingo,16:20:00,RN,405.0,146,PAU DOS FERROS                                              ,Ingestão de Álcool                                                                                  ,Colisão traseira                                                                                                                                                                                        ,Com Vítimas Feridas,Pleno dia           ,Decrescente         ,Ignorado            ,Simples             ,Reta                          ,Não       ,2,0,0,1,1,0,1,2,-6.0673,-38.2047,SR-RN               ,DEL15/4                       ,UOP02/RN                      
39435,2017-05-21,domingo,17:30:00,RN,101.0,85,NATAL                                                       ,Falta de Atenção à Condução                                                                         ,Colisão lateral                                                                                                                                                                                         ,Com Vítimas Feridas,Plena Noite         ,Crescente           ,Céu Claro           ,Simples             ,Ponte                         ,Sim       ,2,0,1,0,0,1,1,2,-5.7758,-35.2534,SR-RN               ,DEL15/2                       ,UOP01/RN                      
39447,2017-05-21,domingo,18:30:00,RN,405.0,"144,1",PAU DOS FERROS                                              ,Animais na Pista                                                                                    ,Atropelamento de Animal                                                                                                                                                                                 ,Sem Vítimas,Plena Noite         ,Crescente           ,Céu Claro           ,Simples             ,Reta                          ,Não       ,3,0,0,0,2,1,0,2,-6.0518019999999995,-38.199363,SR-RN               ,DEL15/4                       ,UOP02/RN                      
39566,2017-05-22,segunda-feira,03:45:00,RN,226.0,"145,6",CURRAIS NOVOS                                               ,Condutor Dormindo                                                                                   ,Tombamento                                                                                                                                                                                              ,Sem Vítimas,Plena Noite         ,Decrescente         ,Céu Claro           ,Simples             ,Reta                          ,Não       ,1,0,0,0,1,0,0,1,-6.1941794,-36.26197903,SR-RN               ,DEL15/3                       ,UOP02/RN                      
39626,2017-05-22,segunda-feira,06:28:00,RN,406.0,171,SAO GONCALO DO AMARANTE                                     ,Desobediência às normas de trânsito pelo condutor                                                   ,Colisão frontal                                                                                                                                                                                         ,Sem Vítimas,Pleno dia           ,Crescente           ,Céu Claro           ,Dupla               ,Reta                          ,Sim       ,2,0,0,0,1,1,0,2,-5.76058727,-35.29701233,SR-RN               ,DEL15/2                       ,UOP01/RN                      
39637,2017-05-22,segunda-feira,10:10:00,RN,304.0,"30,9",MOSSORO                                                     ,Falta de Atenção à Condução                                                                         ,Colisão transversal                                                                                                                                                                                     ,Com Vítimas Feridas,Pleno dia           ,Decrescente         ,Céu Claro           ,Simples             ,Reta                          ,Sim       ,2,0,1,0,1,0,1,2,-5.06700594,-37.33119965,SR-RN               ,DEL15/4                       ,UOP02/RN                      
39735,2017-05-22,segunda-feira,16:50:00,RN,101.0,146,GOIANINHA                                                   ,Avarias e/ou desgaste excessivo no pneu                                                             ,Colisão com objeto estático                                                                                                                                                                             ,Sem Vítimas,Pleno dia           ,Decrescente         ,Sol                 ,Dupla               ,Reta                          ,Sim       ,1,0,0,0,1,0,0,1,-6.26371839,-35.21094859,SR-RN               ,DEL15/1                       ,UOP01/RN                      
39786,2017-05-22,segunda-feira,21:10:00,RN,101.0,96,NATAL                                                       ,Ingestão de Álcool                                                                                  ,Colisão frontal                                                                                                                                                                                         ,Com Vítimas Feridas,Plena Noite         ,Decrescente         ,Céu Claro           ,Múltipla            ,Curva                         ,Não       ,3,0,1,0,2,0,1,3,-5.8482,-35.2086,SR-RN               ,DEL15/1                       ,UOP01/RN                      
39823,2017-05-23,terça-feira,03:30:00,RN,101.0,78,SAO GONCALO DO AMARANTE                                     ,Animais na Pista                                                                                    ,Atropelamento de Animal                                                                                                                                                                                 ,Com Vítimas Feridas,Plena Noite         ,Decrescente         ,Céu Claro           ,Dupla               ,Reta                          ,Não       ,1,0,0,1,0,0,1,1,-5.738245,-35.2918719,SR-RN               ,DEL15/2                       ,UOP01/RN                      
39846,2017-05-23,terça-feira,07:30:00,RN,304.0,"294,2",MACAIBA                                                     ,Não guardar distância de segurança                                                                  ,Colisão traseira                                                                                                                                                                                        ,Com Vítimas Feridas,Pleno dia           ,Crescente           ,Céu Claro           ,Simples             ,Não Informado                 ,Não       ,2,0,1,0,1,0,1,2,-5.86661367,-35.40066093,SR-RN               ,DEL15/1                       ,UOP02/RN                      
39986,2017-05-23,terça-feira,17:45:00,RN,101.0,108,PARNAMIRIM                                                  ,Não guardar distância de segurança                                                                  ,Colisão traseira                                                                                                                                                                                        ,Com Vítimas Feridas,Plena Noite         ,Crescente           ,Nublado             ,Dupla               ,Reta                          ,Não       ,2,0,1,0,1,0,1,2,-5.9280857000000005,-35.26481032,SR-RN               ,DEL15/1                       ,UOP01/RN                      
39992,2017-05-23,terça-feira,18:20:00,RN,304.0,"48,3",MOSSORO                                                     ,Falta de Atenção do Pedestre                                                                        ,Atropelamento de Pedestre                                                                                                                                                                               ,Com Vítimas Feridas,Plena Noite         ,Crescente           ,Céu Claro           ,Dupla               ,Curva                         ,Sim       ,2,0,2,0,0,0,2,1,-5.23360311,-37.31935501,SR-RN               ,DEL15/4                       ,UOP01/RN                      
40053,2017-05-23,terça-feira,10:40:00,RN,304.0,175,ANGICOS                                                     ,Animais na Pista                                                                                    ,Atropelamento de Animal                                                                                                                                                                                 ,Com Vítimas Feridas,Plena Noite         ,Crescente           ,Céu Claro           ,Simples             ,Reta                          ,Não       ,4,0,3,1,0,0,4,2,-5.68786121,-36.38769239,SR-RN               ,DEL15/1                       ,UOP03/RN                      
40167,2017-05-24,quarta-feira,11:15:00,RN,101.0,"124,5",SAO JOSE DE MIPIBU                                          ,Desobediência às normas de trânsito pelo condutor                                                   ,Colisão transversal                                                                                                                                                                                     ,Com Vítimas Feridas,Pleno dia           ,Crescente           ,Céu Claro           ,Dupla               ,Reta                          ,Sim       ,2,0,0,1,1,0,1,2,-6.0688712,-35.23914367,SR-RN               ,DEL15/1                       ,UOP01/RN                      
40171,2017-05-24,quarta-feira,11:45:00,RN,110.0,"48,5",MOSSORO                                                     ,Desobediência às normas de trânsito pelo condutor                                                   ,Colisão transversal                                                                                                                                                                                     ,Com Vítimas Feridas,Pleno dia           ,Crescente           ,Céu Claro           ,Dupla               ,Interseção de vias            ,Sim       ,4,0,1,0,3,0,1,3,-5.209231,-37.333651,SR-RN               ,DEL15/4                       ,UOP01/RN                      
40215,2017-05-24,quarta-feira,16:45:00,RN,101.0,"84,5",NATAL                                                       ,Não guardar distância de segurança                                                                  ,Colisão traseira                                                                                                                                                                                        ,Sem Vítimas,Pleno dia           ,Decrescente         ,Sol                 ,Múltipla            ,Viaduto                       ,Sim       ,3,0,0,0,3,0,0,3,-5.77565304,-35.25352567,SR-RN               ,DEL15/2                       ,UOP01/RN                      
40239,2017-05-24,quarta-feira,18:40:00,RN,101.0,"94,2",NATAL                                                       ,Não guardar distância de segurança                                                                  ,Colisão traseira                                                                                                                                                                                        ,Com Vítimas Feridas,Plena Noite         ,Crescente           ,Céu Claro           ,Múltipla            ,Reta                          ,Sim       ,2,0,1,0,1,0,1,2,-5.82778524,-35.21083832,SR-RN               ,DEL15/1                       ,UOP01/RN                      
40326,2017-05-25,quinta-feira,06:20:00,RN,101.0,109,PARNAMIRIM                                                  ,Falta de Atenção à Condução                                                                         ,Colisão transversal                                                                                                                                                                                     ,Com Vítimas Feridas,Amanhecer           ,Crescente           ,Céu Claro           ,Dupla               ,Reta                          ,Sim       ,2,0,0,1,1,0,1,2,-5.93788101,-35.26506722,SR-RN               ,DEL15/1                       ,UOP01/RN                      
40439,2017-05-25,quinta-feira,16:25:00,RN,101.0,"84,3",NATAL                                                       ,Falta de Atenção do Pedestre                                                                        ,Atropelamento de Pedestre                                                                                                                                                                               ,Com Vítimas Feridas,Pleno dia           ,Crescente           ,Céu Claro           ,Dupla               ,Reta                          ,Sim       ,2,0,1,1,0,0,2,1,-5.77368895,-35.2593568,SR-RN               ,DEL15/2                       ,UOP01/RN                      
40605,2017-05-26,sexta-feira,07:20:00,RN,226.0,"2,2",NATAL                                                       ,Falta de Atenção à Condução                                                                         ,Colisão transversal                                                                                                                                                                                     ,Com Vítimas Feridas,Pleno dia           ,Crescente           ,Céu Claro           ,Dupla               ,Interseção de vias            ,Sim       ,2,0,1,0,1,0,1,2,-5.81513994,-35.24799996,SR-RN               ,DEL15/1                       ,UOP02/RN                      
40701,2017-05-26,sexta-feira,16:30:00,RN,101.0,107,PARNAMIRIM                                                  ,Não guardar distância de segurança                                                                  ,Colisão lateral                                                                                                                                                                                         ,Com Vítimas Feridas,Pleno dia           ,Crescente           ,Céu Claro           ,Múltipla            ,Reta                          ,Sim       ,2,0,1,0,1,0,1,2,-5.9148,-35.2624,SR-RN               ,DEL15/1                       ,UOP01/RN                      
40727,2017-05-26,sexta-feira,19:00:00,RN,406.0,161,CEARA-MIRIM                                                 ,Falta de Atenção à Condução                                                                         ,Colisão transversal                                                                                                                                                                                     ,Sem Vítimas,Plena Noite         ,Crescente           ,Céu Claro           ,Simples             ,Reta                          ,Sim       ,4,0,0,0,4,0,0,4,-5.7173,-35.3693,SR-RN               ,DEL15/2                       ,UOP01/RN                      
40754,2017-05-26,sexta-feira,18:50:00,RN,304.0,31,MOSSORO                                                     ,Defeito na Via                                                                                      ,Tombamento                                                                                                                                                                                              ,Com Vítimas Feridas,Plena Noite         ,Decrescente         ,Céu Claro           ,Simples             ,Reta                          ,Sim       ,3,0,1,1,0,1,2,1,-5.12195034,-37.34210819,SR-RN               ,DEL15/4                       ,UOP02/RN                      
40905,2017-05-27,sábado,08:30:00,RN,304.0,"280,9",MACAIBA                                                     ,Desobediência às normas de trânsito pelo condutor                                                   ,Colisão traseira                                                                                                                                                                                        ,Com Vítimas Feridas,Pleno dia           ,Decrescente         ,Céu Claro           ,Simples             ,Interseção de vias            ,Não       ,2,0,1,0,1,0,1,2,-5.88936195,-35.48930258,SR-RN               ,DEL15/1                       ,UOP02/RN                      
41020,2017-05-27,sábado,17:50:00,RN,226.0,63,SERRA CAIADA                                                ,Ingestão de Álcool                                                                                  ,Colisão traseira                                                                                                                                                                                        ,Com Vítimas Fatais,Plena Noite         ,Crescente           ,Céu Claro           ,Simples             ,Reta                          ,Não       ,2,1,0,0,1,0,0,2,-6.065018,-35.681141,SR-RN               ,DEL15/1                       ,UOP02/RN                      
41083,2017-05-27,sábado,20:16:00,RN,101.0,78,NATAL                                                       ,Animais na Pista                                                                                    ,Atropelamento de Animal                                                                                                                                                                                 ,Com Vítimas Feridas,Plena Noite         ,Decrescente         ,Céu Claro           ,Dupla               ,Reta                          ,Sim       ,1,0,0,1,0,0,1,1,-5.7382,-35.2907,SR-RN               ,DEL15/2                       ,UOP01/RN                      
41141,2017-05-27,sábado,23:10:00,RN,101.0,80,SAO GONCALO DO AMARANTE                                     ,Não guardar distância de segurança                                                                  ,Colisão traseira                                                                                                                                                                                        ,Sem Vítimas,Plena Noite         ,Decrescente         ,Chuva               ,Dupla               ,Reta                          ,Sim       ,2,0,0,0,2,0,0,2,-5.7559,-35.2886,SR-RN               ,DEL15/2                       ,UOP01/RN                      
41152,2017-05-28,domingo,00:30:00,RN,101.0,"103,6",PARNAMIRIM                                                  ,Ingestão de Álcool                                                                                  ,Colisão traseira                                                                                                                                                                                        ,Com Vítimas Feridas,Plena Noite         ,Decrescente         ,Nublado             ,Dupla               ,Desvio Temporário             ,Não       ,3,0,1,1,1,0,2,2,-5.89136298,-35.25379658,SR-RN               ,DEL15/1                       ,UOP01/RN                      
41379,2017-05-28,domingo,19:10:00,RN,101.0,80,NATAL                                                       ,Desobediência às normas de trânsito pelo condutor                                                   ,Colisão transversal                                                                                                                                                                                     ,Com Vítimas Feridas,Plena Noite         ,Decrescente         ,Vento               ,Dupla               ,Interseção de vias            ,Sim       ,2,0,1,1,0,0,2,1,-5.76292904,-35.28719276,SR-RN               ,DEL15/2                       ,UOP01/RN                      
41422,2017-05-28,domingo,19:00:00,RN,101.0,54,CEARA-MIRIM                                                 ,Desobediência às normas de trânsito pelo condutor                                                   ,Colisão frontal                                                                                                                                                                                         ,Com Vítimas Feridas,Plena Noite         ,Crescente           ,Nublado             ,Simples             ,Reta                          ,Não       ,3,0,0,1,1,1,1,2,-5.56025902,-35.30109163,SR-RN               ,DEL15/2                       ,UOP01/RN                      
41445,2017-05-28,domingo,19:30:00,RN,101.0,"109,9",PARNAMIRIM                                                  ,Velocidade Incompatível                                                                             ,Capotamento                                                                                                                                                                                             ,Sem Vítimas,Plena Noite         ,Crescente           ,Chuva               ,Dupla               ,Reta                          ,Sim       ,1,0,0,0,1,0,0,1,-5.94268004,-35.26484191,SR-RN               ,DEL15/1                       ,UOP01/RN                      
41486,2017-05-29,segunda-feira,04:30:00,RN,304.0,43,MOSSORO                                                     ,Fenômenos da Natureza                                                                               ,Tombamento                                                                                                                                                                                              ,Com Vítimas Feridas,Plena Noite         ,Decrescente         ,Chuva               ,Dupla               ,Reta                          ,Não       ,1,0,1,0,0,0,1,1,-5.213768,-37.370676,SR-RN               ,DEL15/4                       ,UOP01/RN                      
41509,2017-05-29,segunda-feira,07:25:00,RN,304.0,"29,9",MOSSORO                                                     ,Pista Escorregadia                                                                                  ,Capotamento                                                                                                                                                                                             ,Com Vítimas Feridas,Pleno dia           ,Decrescente         ,Chuva               ,Simples             ,Reta                          ,Não       ,1,0,0,1,0,0,1,1,-5.12055173,-37.34179038,SR-RN               ,DEL15/4                       ,UOP02/RN                      
41516,2017-05-29,segunda-feira,07:00:00,RN,304.0,"286,8",MACAIBA                                                     ,Falta de Atenção à Condução                                                                         ,Capotamento                                                                                                                                                                                             ,Com Vítimas Feridas,Pleno dia           ,Decrescente         ,Céu Claro           ,Simples             ,Reta                          ,Não       ,3,0,3,0,0,0,3,1,-5.8742997,-35.439639,SR-RN               ,DEL15/1                       ,UOP02/RN                      
41519,2017-05-29,segunda-feira,07:40:00,RN,406.0,"152,3",CEARA-MIRIM                                                 ,Falta de Atenção à Condução                                                                         ,Colisão transversal                                                                                                                                                                                     ,Com Vítimas Feridas,Pleno dia           ,Crescente           ,Chuva               ,Simples             ,Interseção de vias            ,Sim       ,2,0,0,1,1,0,1,2,-5.65554304,-35.41754812,SR-RN               ,DEL15/2                       ,UOP01/RN                      
41573,2017-05-29,segunda-feira,11:55:00,RN,304.0,"47,7",MOSSORO                                                     ,Falta de Atenção do Pedestre                                                                        ,Atropelamento de Pedestre                                                                                                                                                                               ,Com Vítimas Feridas,Pleno dia           ,Crescente           ,Nublado             ,Dupla               ,Curva                         ,Sim       ,2,0,0,2,0,0,2,1,-5.22888032,-37.32339957,SR-RN               ,DEL15/4                       ,UOP01/RN                      
41792,2017-05-30,terça-feira,13:30:00,RN,101.0,"94,8",NATAL                                                       ,Desobediência às normas de trânsito pelo condutor                                                   ,Colisão frontal                                                                                                                                                                                         ,Com Vítimas Feridas,Pleno dia           ,Crescente           ,Chuva               ,Múltipla            ,Interseção de vias            ,Sim       ,2,0,1,0,1,0,1,2,-5.83776179,-35.21115984,SR-RN               ,DEL15/1                       ,UOP01/RN                      
42046,2017-05-31,quarta-feira,15:30:00,RN,101.0,"84,8",SAO GONCALO DO AMARANTE                                     ,Desobediência às normas de trânsito pelo condutor                                                   ,Colisão traseira                                                                                                                                                                                        ,Com Vítimas Feridas,Pleno dia           ,Crescente           ,Céu Claro           ,Dupla               ,Viaduto                       ,Sim       ,3,0,1,0,1,1,1,3,-5.77534882,-35.254893599999996,SR-RN               ,DEL15/2                       ,UOP01/RN                      
42153,2017-05-29,segunda-feira,09:15:00,RN,304.0,"32,7",MOSSORO                                                     ,Ingestão de Álcool                                                                                  ,Colisão frontal                                                                                                                                                                                         ,Com Vítimas Feridas,Pleno dia           ,Decrescente         ,Céu Claro           ,Dupla               ,Reta                          ,Sim       ,2,0,2,0,0,0,2,2,-5.145811900000001,-37.34731043,SR-RN               ,DEL15/4                       ,UOP02/RN                      
42156,2017-05-29,segunda-feira,10:00:00,RN,405.0,"1,1",MOSSORO                                                     ,Falta de Atenção à Condução                                                                         ,Colisão com objeto estático                                                                                                                                                                             ,Com Vítimas Feridas,Pleno dia           ,Crescente           ,Chuva               ,Dupla               ,Reta                          ,Sim       ,1,0,1,0,0,0,1,1,-5.19169999,-37.36198994,SR-RN               ,DEL15/4                       ,UOP02/RN                      
42175,2017-06-01,quinta-feira,03:25:00,RN,406.0,128,TAIPU                                                       ,Ingestão de Álcool                                                                                  ,Colisão com objeto estático                                                                                                                                                                             ,Sem Vítimas,Plena Noite         ,Decrescente         ,Céu Claro           ,Simples             ,Curva                         ,Não       ,1,0,0,0,1,0,0,1,-5.6145,-35.611999999999995,SR-RN               ,DEL15/2                       ,UOP01/RN                      
42324,2017-05-17,quarta-feira,22:30:00,RN,304.0,302,MACAIBA                                                     ,Velocidade Incompatível                                                                             ,Colisão traseira                                                                                                                                                                                        ,Sem Vítimas,Plena Noite         ,Decrescente         ,Céu Claro           ,Dupla               ,Reta                          ,Não       ,4,0,0,0,3,1,0,2,-5.87497029,-35.31148997,SR-RN               ,DEL15/1                       ,UOP02/RN                      
42350,2017-06-01,quinta-feira,18:10:00,RN,406.0,"170,2",SAO GONCALO DO AMARANTE                                     ,Falta de Atenção à Condução                                                                         ,Colisão lateral                                                                                                                                                                                         ,Com Vítimas Feridas,Plena Noite         ,Decrescente         ,Céu Claro           ,Múltipla            ,Reta                          ,Sim       ,3,0,2,0,1,0,2,2,-5.75792797,-35.30094713,SR-RN               ,DEL15/2                       ,UOP01/RN                      
42459,2017-05-29,segunda-feira,13:30:00,RN,101.0,"137,8",ARES                                                        ,Falta de Atenção à Condução                                                                         ,Saída de leito carroçável                                                                                                                                                                               ,Sem Vítimas,Pleno dia           ,Decrescente         ,Garoa/Chuvisco      ,Dupla               ,Reta                          ,Não       ,1,0,0,0,1,0,0,1,-6.18290159,-35.21567962,SR-RN               ,DEL15/1                       ,UOP01/RN                      
42502,2017-01-11,quarta-feira,07:25:00,RN,304.0,"36,7",MOSSORO                                                     ,Falta de Atenção à Condução                                                                         ,Colisão transversal                                                                                                                                                                                     ,Com Vítimas Feridas,Pleno dia           ,Crescente           ,Céu Claro           ,Dupla               ,Reta                          ,Sim       ,3,0,3,0,0,0,3,2,-5.17458738,-37.362640500000005,SR-RN               ,DEL15/4                       ,UOP02/RN                      
42618,2017-06-02,sexta-feira,16:45:00,RN,304.0,"49,7",MOSSORO                                                     ,Falta de Atenção à Condução                                                                         ,Colisão lateral                                                                                                                                                                                         ,Com Vítimas Feridas,Pleno dia           ,Crescente           ,Nublado             ,Simples             ,Reta                          ,Não       ,2,0,1,0,1,0,1,2,-5.243698999999999,-37.3135,SR-RN               ,DEL15/4                       ,UOP01/RN                      
42623,2017-06-02,sexta-feira,17:15:00,RN,304.0,"184,9",ANGICOS                                                     ,Animais na Pista                                                                                    ,Capotamento                                                                                                                                                                                             ,Com Vítimas Feridas,Anoitecer           ,Crescente           ,Céu Claro           ,Simples             ,Reta                          ,Não       ,2,0,1,1,0,0,2,1,-5.69020993,-36.29640341,SR-RN               ,DEL15/1                       ,UOP03/RN                      
42650,2017-06-02,sexta-feira,17:50:00,RN,304.0,"24,2",MOSSORO                                                     ,Ingestão de Álcool                                                                                  ,Colisão com objeto estático                                                                                                                                                                             ,Com Vítimas Feridas,Anoitecer           ,Crescente           ,Céu Claro           ,Simples             ,Rotatória                     ,Não       ,1,0,1,0,0,0,1,1,-5.0665,-37.3319,SR-RN               ,DEL15/4                       ,UOP02/RN                      
42674,2017-06-02,sexta-feira,19:00:00,RN,304.0,36,MOSSORO                                                     ,Mal Súbito                                                                                          ,Queda de ocupante de veículo                                                                                                                                                                            ,Com Vítimas Feridas,Plena Noite         ,Decrescente         ,Garoa/Chuvisco      ,Simples             ,Reta                          ,Sim       ,1,0,0,1,0,0,1,1,-5.1653,-37.3509,SR-RN               ,DEL15/4                       ,UOP02/RN                      
42684,2017-05-22,segunda-feira,08:10:00,RN,304.0,299,MACAIBA                                                     ,Não guardar distância de segurança                                                                  ,Colisão traseira                                                                                                                                                                                        ,Com Vítimas Feridas,Pleno dia           ,Crescente           ,Céu Claro           ,Dupla               ,Reta                          ,Não       ,3,0,1,0,2,0,1,2,-5.8695,-35.3277,SR-RN               ,DEL15/1                       ,UOP02/RN                      