id,data_inversa,dia_semana,horario,uf,br,km,municipio,causa_acidente,tipo_acidente,classificacao_acidente,fase_dia,sentido_via,condicao_metereologica,tipo_pista,tracado_via,uso_solo,pessoas,mortos,feridos_leves,feridos_graves,ilesos,ignorados,feridos,veiculos,latitude,longitude,regional,delegacia,uop
75159,2017-10-03,terça-feira,06:50:00,RN,101.0,83,SAO GONCALO DO AMARANTE                                     ,Mal Súbito                                                                                          ,Colisão com objeto estático                                                                                                                                                                             ,Com Vítimas Feridas,Pleno dia           ,Crescente           ,Sol                 ,Dupla               ,Interseção de vias            ,Sim       ,1,0,1,0,0,0,1,1,-5.77081753,-35.26705474,SR-RN               ,DEL15/2                       ,UOP01/RN                      
75173,2017-10-03,terça-feira,06:10:00,RN,226.0,153,CURRAIS NOVOS                                               ,Falta de Atenção à Condução                                                                         ,Colisão lateral                                                                                                                                                                                         ,Com Vítimas Feridas,Pleno dia           ,Decrescente         ,Sol                 ,Simples             ,Reta                          ,Não       ,2,0,0,1,1,0,1,2,-6.2049,-36.3241,SR-RN               ,DEL15/3                       ,UOP02/RN                      
75310,2017-10-03,terça-feira,17:30:00,RN,304.0,296,MACAIBA                                                     ,Falta de Atenção à Condução                                                                         ,Colisão transversal                                                                                                                                                                                     ,Com Vítimas Feridas,Anoitecer           ,Crescente           ,Céu Claro           ,Simples             ,Reta                          ,Sim       ,2,0,0,1,1,0,1,2,-5.86625614,-35.35977602,SR-RN               ,DEL15/1                       ,UOP02/RN                      
75447,2017-10-04,quarta-feira,09:30:00,RN,406.0,"162,9",SAO GONCALO DO AMARANTE                                     ,Avarias e/ou desgaste excessivo no pneu                                                             ,Tombamento                                                                                                                                                                                              ,Com Vítimas Feridas,Pleno dia           ,Decrescente         ,Céu Claro           ,Simples             ,Desvio Temporário             ,Não       ,2,0,2,0,0,0,2,1,-5.73077205,-35.35887837,SR-RN               ,DEL15/2                       ,UOP01/RN                      
75448,2017-10-04,quarta-feira,11:00:00,RN,406.0,164,SAO GONCALO DO AMARANTE                                     ,Desobediência às normas de trânsito pelo condutor                                                   ,Colisão frontal                                                                                                                                                                                         ,Com Vítimas Fatais,Pleno dia           ,Crescente           ,Céu Claro           ,Simples             ,Curva                         ,Não       ,3,1,1,1,0,0,2,2,-5.73818129,-35.3531971,SR-RN               ,DEL15/2                       ,UOP01/RN                      
75465,2017-10-04,quarta-feira,10:32:00,RN,110.0,20,AREIA BRANCA                                                ,Falta de Atenção à Condução                                                                         ,Colisão traseira                                                                                                                                                                                        ,Com Vítimas Feridas,Pleno dia           ,Crescente           ,Sol                 ,Simples             ,Reta                          ,Sim       ,3,0,1,1,1,0,2,2,-5.0519,-37.1498,SR-RN               ,DEL15/4                       ,UOP01/RN                      
75543,2017-10-04,quarta-feira,18:20:00,RN,101.0,"98,9",NATAL                                                       ,Falta de Atenção à Condução                                                                         ,Colisão traseira                                                                                                                                                                                        ,Com Vítimas Feridas,Plena Noite         ,Decrescente         ,Céu Claro           ,Dupla               ,Reta                          ,Sim       ,3,0,0,1,1,1,1,2,-5.87199037,-35.21989019,SR-RN               ,DEL15/1                       ,UOP01/RN                      
75554,2017-10-04,quarta-feira,18:50:00,RN,101.0,"98,9",NATAL                                                       ,Falta de Atenção à Condução                                                                         ,Engavetamento                                                                                                                                                                                           ,Sem Vítimas,Plena Noite         ,Crescente           ,Céu Claro           ,Dupla               ,Reta                          ,Sim       ,4,0,0,0,4,0,0,3,-5.87199037,-35.21989019,SR-RN               ,DEL15/1                       ,UOP01/RN                      
75571,2017-10-04,quarta-feira,19:50:00,RN,406.0,"152,3",CEARA-MIRIM                                                 ,Animais na Pista                                                                                    ,Atropelamento de Animal                                                                                                                                                                                 ,Com Vítimas Feridas,Plena Noite         ,Decrescente         ,Céu Claro           ,Simples             ,Reta                          ,Sim       ,2,0,2,0,0,0,2,1,-5.65566029,-35.41741978,SR-RN               ,DEL15/2                       ,UOP01/RN                      
75710,2017-10-01,domingo,19:30:00,RN,110.0,"36,9",MOSSORO                                                     ,Animais na Pista                                                                                    ,Atropelamento de Animal                                                                                                                                                                                 ,Com Vítimas Feridas,Plena Noite         ,Crescente           ,Céu Claro           ,Simples             ,Reta                          ,Não       ,2,0,2,0,0,0,2,1,-5.16877999,-37.23555969,SR-RN               ,DEL15/4                       ,UOP01/RN                      
75715,2017-10-05,quinta-feira,13:00:00,RN,405.0,"187,2",MAJOR SALES                                                 ,Falta de Atenção à Condução                                                                         ,Queda de ocupante de veículo                                                                                                                                                                            ,Com Vítimas Fatais,Pleno dia           ,Decrescente         ,Céu Claro           ,Simples             ,Reta                          ,Sim       ,2,1,1,0,0,0,1,1,-6.40244026,-38.321040100000005,SR-RN               ,DEL15/4                       ,UOP02/RN                      
76079,2017-10-06,sexta-feira,21:25:00,RN,304.0,"36,8",MOSSORO                                                     ,Ingestão de Álcool                                                                                  ,Colisão traseira                                                                                                                                                                                        ,Com Vítimas Feridas,Plena Noite         ,Crescente           ,Céu Claro           ,Dupla               ,Reta                          ,Sim       ,3,0,1,0,0,2,1,2,-5.17502103,-37.36274116,SR-RN               ,DEL15/4                       ,UOP02/RN                      
76186,2017-10-07,sábado,07:10:00,RN,101.0,"79,8",NATAL                                                       ,Falta de Atenção à Condução                                                                         ,Colisão traseira                                                                                                                                                                                        ,Sem Vítimas,Pleno dia           ,Decrescente         ,Céu Claro           ,Dupla               ,Reta                          ,Sim       ,2,0,0,0,2,0,0,2,-5.75343274,-35.28884484,SR-RN               ,DEL15/2                       ,UOP01/RN                      
76217,2017-10-07,sábado,09:40:00,RN,101.0,83,NATAL                                                       ,Não guardar distância de segurança                                                                  ,Colisão traseira                                                                                                                                                                                        ,Sem Vítimas,Pleno dia           ,Decrescente         ,Sol                 ,Dupla               ,Reta                          ,Sim       ,4,0,0,0,4,0,0,4,-5.77149633,-35.26515037,SR-RN               ,DEL15/2                       ,UOP01/RN                      
76430,2017-10-07,sábado,22:15:00,RN,427.0,"97,9",CAICO                                                       ,Ingestão de Álcool                                                                                  ,Colisão transversal                                                                                                                                                                                     ,Com Vítimas Feridas,Plena Noite         ,Decrescente         ,Céu Claro           ,Simples             ,Não Informado                 ,Sim       ,4,0,2,0,1,1,2,2,-6.470804,-37.080909000000005,SR-RN               ,DEL15/3                       ,UOP01/RN                      
76638,2017-10-08,domingo,15:00:00,RN,406.0,169,EXTREMOZ                                                    ,Velocidade Incompatível                                                                             ,Colisão traseira                                                                                                                                                                                        ,Sem Vítimas,Pleno dia           ,Decrescente         ,Céu Claro           ,Dupla               ,Reta                          ,Não       ,2,0,0,0,2,0,0,2,-5.7575,-35.3026,SR-RN               ,DEL15/2                       ,UOP01/RN                      
76690,2017-10-08,domingo,18:54:00,RN,304.0,29,MOSSORO                                                     ,Não guardar distância de segurança                                                                  ,Colisão traseira                                                                                                                                                                                        ,Com Vítimas Feridas,Plena Noite         ,Crescente           ,Céu Claro           ,Simples             ,Reta                          ,Sim       ,5,0,2,0,3,0,2,2,-5.112,-37.3399,SR-RN               ,DEL15/4                       ,UOP02/RN                      
76796,2017-10-09,segunda-feira,02:30:00,RN,101.0,106,PARNAMIRIM                                                  ,Falta de Atenção à Condução                                                                         ,Colisão lateral                                                                                                                                                                                         ,Sem Vítimas,Plena Noite         ,Crescente           ,Céu Claro           ,Dupla               ,Reta                          ,Sim       ,2,0,0,0,2,0,0,2,-5.9056,-35.2604,SR-RN               ,DEL15/1                       ,UOP01/RN                      
76933,2017-10-09,segunda-feira,13:00:00,RN,405.0,"179,8",RIACHO DE SANTANA                                           ,Falta de Atenção à Condução                                                                         ,Colisão traseira                                                                                                                                                                                        ,Com Vítimas Feridas,Pleno dia           ,Crescente           ,Céu Claro           ,Simples             ,Reta                          ,Não       ,2,0,0,1,1,0,1,2,-6.34440155,-38.29454022,SR-RN               ,DEL15/4                       ,UOP02/RN                      
77003,2017-10-09,segunda-feira,20:00:00,RN,405.0,"0,7",MOSSORO                                                     ,Falta de Atenção à Condução                                                                         ,Colisão transversal                                                                                                                                                                                     ,Com Vítimas Feridas,Plena Noite         ,Decrescente         ,Céu Claro           ,Dupla               ,Reta                          ,Sim       ,2,0,1,0,1,0,1,2,-5.19147991,-37.35848803,SR-RN               ,DEL15/4                       ,UOP02/RN                      
77072,2017-10-10,terça-feira,07:30:00,RN,101.0,"82,3",SAO GONCALO DO AMARANTE                                     ,Falta de Atenção à Condução                                                                         ,Colisão lateral                                                                                                                                                                                         ,Com Vítimas Feridas,Pleno dia           ,Crescente           ,Céu Claro           ,Dupla               ,Reta                          ,Sim       ,3,0,1,0,1,1,1,3,-5.76736014,-35.27628963,SR-RN               ,DEL15/2                       ,UOP01/RN                      
77103,2017-10-10,terça-feira,10:15:00,RN,101.0,"99,7",NATAL                                                       ,Mal Súbito                                                                                          ,Colisão traseira                                                                                                                                                                                        ,Sem Vítimas,Pleno dia           ,Crescente           ,Nublado             ,Múltipla            ,Não Informado                 ,Sim       ,2,0,0,0,2,0,0,2,-5.87356685,-35.22080541,SR-RN               ,DEL15/1                       ,UOP01/RN                      
77144,2017-10-10,terça-feira,14:15:00,RN,101.0,"161,9",CANGUARETAMA                                                ,Defeito Mecânico no Veículo                                                                         ,Colisão traseira                                                                                                                                                                                        ,Com Vítimas Feridas,Pleno dia           ,Decrescente         ,Vento               ,Múltipla            ,Não Informado                 ,Sim       ,2,0,1,0,1,0,1,2,-6.373480000000001,-35.151210999999996,SR-RN               ,DEL15/1                       ,UOP01/RN                      
77193,2017-10-10,terça-feira,17:45:00,RN,304.0,"32,7",MOSSORO                                                     ,Falta de Atenção à Condução                                                                         ,Colisão lateral                                                                                                                                                                                         ,Com Vítimas Feridas,Anoitecer           ,Crescente           ,Céu Claro           ,Dupla               ,Reta                          ,Não       ,2,0,0,1,1,0,1,2,-5.14787245,-37.34777055,SR-RN               ,DEL15/4                       ,UOP02/RN                      
77229,2017-10-10,terça-feira,21:00:00,RN,101.0,"79,7",NATAL                                                       ,Animais na Pista                                                                                    ,Atropelamento de Animal                                                                                                                                                                                 ,Com Vítimas Feridas,Pleno dia           ,Decrescente         ,Céu Claro           ,Dupla               ,Reta                          ,Sim       ,2,0,2,0,0,0,2,1,-5.75326151,-35.28889983,SR-RN               ,DEL15/2                       ,UOP01/RN                      
77257,2017-10-11,quarta-feira,01:35:00,RN,101.0,"96,6",NATAL                                                       ,Pista Escorregadia                                                                                  ,Colisão com objeto estático                                                                                                                                                                             ,Com Vítimas Feridas,Plena Noite         ,Crescente           ,Chuva               ,Dupla               ,Viaduto                       ,Sim       ,2,0,1,0,1,0,1,1,-5.847988,-35.2087997,SR-RN               ,DEL15/1                       ,UOP01/RN                      
77268,2017-10-11,quarta-feira,04:55:00,RN,226.0,"113,5",SANTA CRUZ                                                  ,Velocidade Incompatível                                                                             ,Colisão frontal                                                                                                                                                                                         ,Com Vítimas Fatais,Amanhecer           ,Decrescente         ,Garoa/Chuvisco      ,Simples             ,Curva                         ,Sim       ,4,2,2,0,0,0,2,2,-6.21509917,-36.01994999,SR-RN               ,DEL15/3                       ,UOP02/RN                      
77284,2017-10-11,quarta-feira,06:50:00,RN,304.0,"304,9",PARNAMIRIM                                                  ,Falta de Atenção à Condução                                                                         ,Colisão transversal                                                                                                                                                                                     ,Com Vítimas Fatais,Pleno dia           ,Decrescente         ,Céu Claro           ,Dupla               ,Reta                          ,Sim       ,3,1,0,0,1,1,0,2,-5.885742,-35.277728,SR-RN               ,DEL15/1                       ,UOP02/RN                      
77301,2017-10-11,quarta-feira,08:10:00,RN,101.0,"85,9",NATAL                                                       ,Não guardar distância de segurança                                                                  ,Colisão traseira                                                                                                                                                                                        ,Com Vítimas Feridas,Pleno dia           ,Crescente           ,Céu Claro           ,Dupla               ,Ponte                         ,Sim       ,2,0,0,1,1,0,1,2,-5.7823662,-35.24748266,SR-RN               ,DEL15/2                       ,UOP01/RN                      
77487,2017-10-11,quarta-feira,19:15:00,RN,406.0,"67,9",JANDAIRA                                                    ,Falta de Atenção do Pedestre                                                                        ,Atropelamento de Pedestre                                                                                                                                                                               ,Com Vítimas Fatais,Plena Noite         ,Decrescente         ,Céu Claro           ,Simples             ,Reta                          ,Não       ,2,1,1,0,0,0,1,1,-5.37681984,-36.08270033,SR-RN               ,DEL15/2                       ,UOP01/RN                      
77654,2017-10-12,quinta-feira,11:40:00,RN,101.0,107,PARNAMIRIM                                                  ,Ingestão de Álcool                                                                                  ,Colisão traseira                                                                                                                                                                                        ,Sem Vítimas,Pleno dia           ,Crescente           ,Céu Claro           ,Dupla               ,Reta                          ,Sim       ,2,0,0,0,2,0,0,2,-5.9148,-35.2624,SR-RN               ,DEL15/1                       ,UOP01/RN                      
77693,2017-10-12,quinta-feira,12:30:00,RN,101.0,"28,3",RIO DO FOGO                                                 ,Ingestão de Álcool                                                                                  ,Capotamento                                                                                                                                                                                             ,Sem Vítimas,Pleno dia           ,Crescente           ,Céu Claro           ,Simples             ,Reta                          ,Não       ,1,0,0,0,1,0,0,1,-5.35539031,-35.3862898,SR-RN               ,DEL15/2                       ,UOP01/RN                      
77732,2017-10-12,quinta-feira,16:20:00,RN,101.0,103,PARNAMIRIM                                                  ,Não guardar distância de segurança                                                                  ,Colisão traseira                                                                                                                                                                                        ,Sem Vítimas,Pleno dia           ,Crescente           ,Céu Claro           ,Dupla               ,Reta                          ,Sim       ,4,0,0,0,4,0,0,4,-5.8902,-35.2494,SR-RN               ,DEL15/1                       ,UOP01/RN                      
77748,2017-10-12,quinta-feira,17:30:00,RN,101.0,53,CEARA-MIRIM                                                 ,Falta de Atenção à Condução                                                                         ,Colisão traseira                                                                                                                                                                                        ,Com Vítimas Feridas,Anoitecer           ,Crescente           ,Céu Claro           ,Simples             ,Reta                          ,Não       ,5,0,1,0,4,0,1,4,-5.6003,-35.2655,SR-RN               ,DEL15/2                       ,UOP01/RN                      
77870,2017-10-13,sexta-feira,05:50:00,RN,304.0,"48,2",MOSSORO                                                     ,Falta de Atenção à Condução                                                                         ,Colisão lateral                                                                                                                                                                                         ,Com Vítimas Feridas,Pleno dia           ,Decrescente         ,Sol                 ,Dupla               ,Reta                          ,Sim       ,3,0,2,0,0,1,2,2,-5.23216042,-37.32001976,SR-RN               ,DEL15/4                       ,UOP01/RN                      
77899,2017-08-17,quinta-feira,16:00:00,RN,110.0,1,AREIA BRANCA                                                ,Falta de Atenção do Pedestre                                                                        ,Colisão lateral                                                                                                                                                                                         ,Com Vítimas Feridas,Pleno dia           ,Crescente           ,Céu Claro           ,Simples             ,Reta                          ,Sim       ,2,0,1,1,0,0,2,2,-4.9491,-37.1244,SR-RN               ,DEL15/4                       ,UOP01/RN                      
77907,2017-10-13,sexta-feira,10:00:00,RN,226.0,"3,3",NATAL                                                       ,Falta de Atenção à Condução                                                                         ,Colisão transversal                                                                                                                                                                                     ,Com Vítimas Feridas,Pleno dia           ,Decrescente         ,Céu Claro           ,Simples             ,Não Informado                 ,Sim       ,3,0,1,0,2,0,1,2,-5.82125309,-35.25485873,SR-RN               ,DEL15/1                       ,UOP02/RN                      
77949,2017-10-13,sexta-feira,13:40:00,RN,226.0,"12,2",NATAL                                                       ,Falta de Atenção à Condução                                                                         ,Colisão lateral                                                                                                                                                                                         ,Sem Vítimas,Pleno dia           ,Crescente           ,Céu Claro           ,Simples             ,Reta                          ,Sim       ,2,0,0,0,2,0,0,2,-5.85035035,-35.31610045,SR-RN               ,DEL15/1                       ,UOP02/RN                      
78017,2017-10-13,sexta-feira,19:00:00,RN,405.0,"113,7",ITAU                                                        ,Condutor Dormindo                                                                                   ,Colisão lateral                                                                                                                                                                                         ,Com Vítimas Feridas,Plena Noite         ,Crescente           ,Céu Claro           ,Simples             ,Reta                          ,Não       ,3,0,2,0,1,0,2,3,-5.87192027,-38.02290033,SR-RN               ,DEL15/4                       ,UOP02/RN                      
78134,2017-10-14,sábado,07:05:00,RN,,,EXTREMOZ                                                    ,Falta de Atenção à Condução                                                                         ,Colisão frontal                                                                                                                                                                                         ,Com Vítimas Feridas,Pleno dia           ,Não Informado       ,Céu Claro           ,Dupla               ,Reta                          ,Não       ,2,0,1,1,0,0,2,2,-5.73998033,-35.29047996,SR-RN               ,DEL15/2                       ,UOP01/RN                      
78152,2017-10-14,sábado,10:00:00,RN,226.0,"4,4",NATAL                                                       ,Falta de Atenção à Condução                                                                         ,Colisão transversal                                                                                                                                                                                     ,Com Vítimas Feridas,Pleno dia           ,Crescente           ,Nublado             ,Simples             ,Reta                          ,Sim       ,2,0,0,1,1,0,1,2,-5.8189589999999995,-35.263409,SR-RN               ,DEL15/1                       ,UOP02/RN                      
78157,2017-10-14,sábado,09:35:00,RN,226.0,"117,9",SANTA CRUZ                                                  ,Velocidade Incompatível                                                                             ,Colisão com objeto estático                                                                                                                                                                             ,Sem Vítimas,Pleno dia           ,Crescente           ,Sol                 ,Simples             ,Curva                         ,Não       ,1,0,0,0,1,0,0,1,-6.19404028,-36.05014902,SR-RN               ,DEL15/3                       ,UOP02/RN                      
78198,2017-10-14,sábado,14:00:00,RN,427.0,98,CAICO                                                       ,Ingestão de Álcool                                                                                  ,Queda de ocupante de veículo                                                                                                                                                                            ,Com Vítimas Feridas,Pleno dia           ,Crescente           ,Sol                 ,Simples             ,Rotatória                     ,Não       ,1,0,0,1,0,0,1,1,-6.4706,-37.0816,SR-RN               ,DEL15/3                       ,UOP01/RN                      
78280,2017-10-14,sábado,19:55:00,RN,101.0,"102,3",PARNAMIRIM                                                  ,Desobediência às normas de trânsito pelo condutor                                                   ,Colisão traseira                                                                                                                                                                                        ,Com Vítimas Feridas,Plena Noite         ,Decrescente         ,Ignorado            ,Múltipla            ,Retorno Regulamentado         ,Sim       ,3,0,1,0,2,0,1,3,-5.8893695,-35.2431221,SR-RN               ,DEL15/1                       ,UOP01/RN                      
78467,2017-10-15,domingo,13:30:00,RN,110.0,"52,3",MOSSORO                                                     ,Falta de Atenção à Condução                                                                         ,Colisão transversal                                                                                                                                                                                     ,Com Vítimas Fatais,Pleno dia           ,Crescente           ,Céu Claro           ,Simples             ,Não Informado                 ,Sim       ,4,2,2,0,0,0,2,2,-5.23813068,-37.33196999,SR-RN               ,DEL15/4                       ,UOP01/RN                      
78548,2017-10-15,domingo,18:30:00,RN,226.0,"111,2",SANTA CRUZ                                                  ,Falta de Atenção à Condução                                                                         ,Colisão lateral                                                                                                                                                                                         ,Com Vítimas Feridas,Plena Noite         ,Crescente           ,Céu Claro           ,Simples             ,Reta                          ,Sim       ,2,0,0,1,0,1,1,2,-6.23368011,-36.01357992,SR-RN               ,DEL15/3                       ,UOP02/RN                      
78673,2017-10-16,segunda-feira,05:50:00,RN,304.0,"301,2",MACAIBA                                                     ,Velocidade Incompatível                                                                             ,Colisão com objeto estático                                                                                                                                                                             ,Com Vítimas Fatais,Pleno dia           ,Crescente           ,Céu Claro           ,Dupla               ,Reta                          ,Não       ,2,1,1,0,0,0,1,1,-5.87578001,-35.30871996,SR-RN               ,DEL15/1                       ,UOP02/RN                      
78755,2017-10-16,segunda-feira,10:10:00,RN,101.0,"84,7",NATAL                                                       ,Falta de Atenção do Pedestre                                                                        ,Atropelamento de Pedestre                                                                                                                                                                               ,Com Vítimas Feridas,Pleno dia           ,Decrescente         ,Céu Claro           ,Dupla               ,Reta                          ,Sim       ,2,0,1,0,1,0,1,1,-5.77498153,-35.25575459,SR-RN               ,DEL15/2                       ,UOP01/RN                      
78886,2017-10-16,segunda-feira,18:30:00,RN,406.0,63,JANDAIRA                                                    ,Deficiência ou não Acionamento do Sistema de Iluminação/Sinalização do Veículo                      ,Colisão traseira                                                                                                                                                                                        ,Com Vítimas Fatais,Plena Noite         ,Decrescente         ,Céu Claro           ,Simples             ,Reta                          ,Sim       ,3,1,1,0,1,0,1,2,-5.3584,-36.1223,SR-RN               ,DEL15/2                       ,UOP01/RN                      
78998,2017-10-17,terça-feira,11:00:00,RN,427.0,"29,7",ACARI                                                       ,Defeito na Via                                                                                      ,Saída de leito carroçável                                                                                                                                                                               ,Sem Vítimas,Pleno dia           ,Decrescente         ,Céu Claro           ,Simples             ,Não Informado                 ,Não       ,5,0,0,0,5,0,0,2,-6.44959357,-36.63633389,SR-RN               ,DEL15/3                       ,UOP02/RN                      
79021,2017-10-16,segunda-feira,22:12:00,RN,427.0,"102,4",CAICO                                                       ,Não guardar distância de segurança                                                                  ,Colisão traseira                                                                                                                                                                                        ,Com Vítimas Feridas,Plena Noite         ,Decrescente         ,Céu Claro           ,Simples             ,Reta                          ,Sim       ,5,0,0,1,3,1,1,3,-6.45985977,-37.11202039,SR-RN               ,DEL15/3                       ,UOP01/RN                      
79038,2017-10-17,terça-feira,13:20:00,RN,405.0,"1,2",MOSSORO                                                     ,Falta de Atenção à Condução                                                                         ,Colisão transversal                                                                                                                                                                                     ,Com Vítimas Feridas,Pleno dia           ,Crescente           ,Céu Claro           ,Dupla               ,Reta                          ,Sim       ,1,0,1,0,0,0,1,1,-5.19179999,-37.36287988,SR-RN               ,DEL15/4                       ,UOP02/RN                      
79106,2017-10-17,terça-feira,18:15:00,RN,101.0,76,SAO GONCALO DO AMARANTE                                     ,Animais na Pista                                                                                    ,Atropelamento de Animal                                                                                                                                                                                 ,Com Vítimas Feridas,Plena Noite         ,Decrescente         ,Céu Claro           ,Dupla               ,Reta                          ,Não       ,2,0,0,2,0,0,2,1,-5.7249,-35.2825,SR-RN               ,DEL15/2                       ,UOP01/RN                      
79153,2017-10-17,terça-feira,22:30:00,RN,406.0,162,CEARA-MIRIM                                                 ,Animais na Pista                                                                                    ,Atropelamento de Animal                                                                                                                                                                                 ,Com Vítimas Feridas,Plena Noite         ,Crescente           ,Nublado             ,Simples             ,Desvio Temporário             ,Não       ,1,0,1,0,0,0,1,1,-5.72757461,-35.36161065,SR-RN               ,DEL15/2                       ,UOP01/RN                      
79158,2017-10-17,terça-feira,21:00:00,RN,226.0,44,BOM JESUS                                                   ,Ingestão de Álcool                                                                                  ,Capotamento                                                                                                                                                                                             ,Com Vítimas Fatais,Plena Noite         ,Crescente           ,Nublado             ,Simples             ,Desvio Temporário             ,Não       ,3,1,2,0,0,0,2,1,-5.956128,-35.561686,SR-RN               ,DEL15/1                       ,UOP02/RN                      
79159,2017-10-17,terça-feira,21:17:00,RN,427.0,"86,7",CAICO                                                       ,Velocidade Incompatível                                                                             ,Saída de leito carroçável                                                                                                                                                                               ,Sem Vítimas,Plena Noite         ,Crescente           ,Céu Claro           ,Simples             ,Curva                         ,Não       ,1,0,0,0,1,0,0,1,-6.53263251,-36.98717952,SR-RN               ,DEL15/3                       ,UOP01/RN                      
79231,2017-10-18,quarta-feira,08:45:00,RN,101.0,96,NATAL                                                       ,Falta de Atenção à Condução                                                                         ,Colisão traseira                                                                                                                                                                                        ,Com Vítimas Feridas,Pleno dia           ,Decrescente         ,Nublado             ,Múltipla            ,Reta                          ,Sim       ,2,0,1,0,1,0,1,2,-5.848058,-35.208436999999996,SR-RN               ,DEL15/1                       ,UOP01/RN                      
79249,2017-10-18,quarta-feira,11:50:00,RN,101.0,"99,6",NATAL                                                       ,Desobediência às normas de trânsito pelo condutor                                                   ,Colisão traseira                                                                                                                                                                                        ,Com Vítimas Feridas,Pleno dia           ,Crescente           ,Céu Claro           ,Dupla               ,Não Informado                 ,Sim       ,2,0,0,1,1,0,1,2,-5.87814001,-35.22427887,SR-RN               ,DEL15/1                       ,UOP01/RN                      
79270,2017-10-18,quarta-feira,14:00:00,RN,406.0,169,SAO GONCALO DO AMARANTE                                     ,Falta de Atenção à Condução                                                                         ,Colisão traseira                                                                                                                                                                                        ,Sem Vítimas,Pleno dia           ,Decrescente         ,Céu Claro           ,Dupla               ,Reta                          ,Sim       ,2,0,0,0,2,0,0,2,-5.7543,-35.3111,SR-RN               ,DEL15/2                       ,UOP01/RN                      
79347,2017-10-18,quarta-feira,19:45:00,RN,304.0,"38,1",MOSSORO                                                     ,Falta de Atenção à Condução                                                                         ,Colisão lateral                                                                                                                                                                                         ,Com Vítimas Feridas,Plena Noite         ,Crescente           ,Céu Claro           ,Múltipla            ,Reta                          ,Sim       ,3,0,0,1,2,0,1,2,-5.18376003,-37.37032002,SR-RN               ,DEL15/4                       ,UOP02/RN                      
79374,2017-10-18,quarta-feira,22:00:00,RN,110.0,"46,9",MOSSORO                                                     ,Falta de Atenção à Condução                                                                         ,Engavetamento                                                                                                                                                                                           ,Com Vítimas Feridas,Plena Noite         ,Decrescente         ,Céu Claro           ,Simples             ,Reta                          ,Sim       ,3,0,1,0,2,0,1,3,-5.203851,-37.326291,SR-RN               ,DEL15/4                       ,UOP01/RN                      
79385,2017-10-18,quarta-feira,23:05:00,RN,304.0,81,ACU                                                         ,Falta de Atenção à Condução                                                                         ,Colisão com objeto estático                                                                                                                                                                             ,Com Vítimas Fatais,Plena Noite         ,Crescente           ,Céu Claro           ,Simples             ,Reta                          ,Não       ,3,1,0,0,2,0,0,2,-5.480027,-37.164120000000004,SR-RN               ,DEL15/4                       ,UOP01/RN                      
79471,2017-10-19,quinta-feira,10:35:00,RN,226.0,133,CAMPO REDONDO                                               ,Defeito na Via                                                                                      ,Danos eventuais                                                                                                                                                                                         ,Com Vítimas Feridas,Pleno dia           ,Decrescente         ,Céu Claro           ,Simples             ,Reta                          ,Não       ,5,0,4,0,1,0,4,1,-6.21860152,-36.16654962,SR-RN               ,DEL15/3                       ,UOP02/RN                      
79539,2017-10-19,quinta-feira,17:30:00,RN,101.0,"73,8",EXTREMOZ                                                    ,Falta de Atenção à Condução                                                                         ,Colisão transversal                                                                                                                                                                                     ,Com Vítimas Fatais,Anoitecer           ,Crescente           ,Céu Claro           ,Simples             ,Desvio Temporário             ,Não       ,3,1,0,1,1,0,1,2,-5.71142269,-35.27030289,SR-RN               ,DEL15/2                       ,UOP01/RN                      
79540,2017-10-19,quinta-feira,18:35:00,RN,101.0,82,SAO GONCALO DO AMARANTE                                     ,Falta de Atenção à Condução                                                                         ,Atropelamento de Pedestre                                                                                                                                                                               ,Com Vítimas Feridas,Plena Noite         ,Crescente           ,Garoa/Chuvisco      ,Dupla               ,Reta                          ,Sim       ,2,0,0,1,1,0,1,1,-5.76997487,-35.26939882,SR-RN               ,DEL15/2                       ,UOP01/RN                      
79543,2017-10-19,quinta-feira,18:30:00,RN,110.0,"48,8",MOSSORO                                                     ,Falta de Atenção à Condução                                                                         ,Colisão transversal                                                                                                                                                                                     ,Com Vítimas Feridas,Plena Noite         ,Crescente           ,Céu Claro           ,Dupla               ,Reta                          ,Não       ,3,0,2,0,1,0,2,2,-5.21324166,-37.33002025,SR-RN               ,DEL15/4                       ,UOP01/RN                      