id,data_inversa,dia_semana,horario,uf,br,km,municipio,causa_acidente,tipo_acidente,classificacao_acidente,fase_dia,sentido_via,condicao_metereologica,tipo_pista,tracado_via,uso_solo,pessoas,mortos,feridos_leves,feridos_graves,ilesos,ignorados,feridos,veiculos,latitude,longitude,regional,delegacia,uop
79677,2017-10-20,sexta-feira,11:00:00,RN,304.0,"233,3",RIACHUELO                                                   ,Ultrapassagem Indevida                                                                              ,Capotamento                                                                                                                                                                                             ,Sem Vítimas,Pleno dia           ,Decrescente         ,Nublado             ,Simples             ,Curva                         ,Não       ,2,0,0,0,1,1,0,2,-5.753205,-35.872745,SR-RN               ,DEL15/1                       ,UOP02/RN                      
79755,2017-10-20,sexta-feira,17:30:00,RN,304.0,"31,4",MOSSORO                                                     ,Falta de Atenção à Condução                                                                         ,Colisão transversal                                                                                                                                                                                     ,Com Vítimas Feridas,Anoitecer           ,Crescente           ,Céu Claro           ,Simples             ,Reta                          ,Não       ,2,0,2,0,0,0,2,2,-5.13308084,-37.34450018,SR-RN               ,DEL15/4                       ,UOP02/RN                      
79771,2017-10-20,sexta-feira,17:50:00,RN,101.0,"31,9",RIO DO FOGO                                                 ,Animais na Pista                                                                                    ,Atropelamento de Animal                                                                                                                                                                                 ,Com Vítimas Feridas,Anoitecer           ,Crescente           ,Garoa/Chuvisco      ,Simples             ,Reta                          ,Não       ,3,0,1,2,0,0,3,2,-5.38304183,-35.36858882,SR-RN               ,DEL15/2                       ,UOP01/RN                      
79836,2017-10-20,sexta-feira,21:50:00,RN,304.0,"306,7",MACAIBA                                                     ,Falta de Atenção do Pedestre                                                                        ,Atropelamento de Pedestre                                                                                                                                                                               ,Com Vítimas Fatais,Plena Noite         ,Decrescente         ,Ignorado            ,Dupla               ,Reta                          ,Não       ,2,1,0,0,1,0,0,1,-5.88982053,-35.26450811,SR-RN               ,DEL15/1                       ,UOP02/RN                      
79868,2017-10-21,sábado,01:20:00,RN,101.0,98,NATAL                                                       ,Ingestão de Álcool                                                                                  ,Atropelamento de Pedestre                                                                                                                                                                               ,Com Vítimas Feridas,Plena Noite         ,Crescente           ,Céu Claro           ,Dupla               ,Reta                          ,Sim       ,2,0,0,2,0,0,2,1,-5.8647,-35.2162,SR-RN               ,DEL15/1                       ,UOP01/RN                      
79907,2017-10-21,sábado,07:30:00,RN,101.0,104,PARNAMIRIM                                                  ,Desobediência às normas de trânsito pelo condutor                                                   ,Colisão traseira                                                                                                                                                                                        ,Com Vítimas Feridas,Pleno dia           ,Crescente           ,Céu Claro           ,Múltipla            ,Viaduto                       ,Sim       ,2,0,0,1,1,0,1,2,-5.8923,-35.2581,SR-RN               ,DEL15/1                       ,UOP01/RN                      
79992,2017-10-21,sábado,10:30:00,RN,405.0,"107,8",ITAU                                                        ,Defeito na Via                                                                                      ,Colisão lateral                                                                                                                                                                                         ,Com Vítimas Feridas,Pleno dia           ,Crescente           ,Sol                 ,Simples             ,Ponte                         ,Não       ,2,0,1,0,1,0,1,2,-5.83636123,-37.98486156,SR-RN               ,DEL15/4                       ,UOP02/RN                      
80010,2017-10-21,sábado,15:20:00,RN,110.0,"48,5",MOSSORO                                                     ,Falta de Atenção à Condução                                                                         ,Colisão lateral                                                                                                                                                                                         ,Sem Vítimas,Pleno dia           ,Decrescente         ,Céu Claro           ,Dupla               ,Rotatória                     ,Sim       ,2,0,0,0,2,0,0,2,-5.21045104,-37.32960016,SR-RN               ,DEL15/4                       ,UOP01/RN                      
80035,2017-10-21,sábado,16:50:00,RN,101.0,95,NATAL                                                       ,Ingestão de Álcool                                                                                  ,Colisão traseira                                                                                                                                                                                        ,Sem Vítimas,Pleno dia           ,Crescente           ,Céu Claro           ,Dupla               ,Reta                          ,Sim       ,2,0,0,0,2,0,0,2,-5.8482,-35.2086,SR-RN               ,DEL15/1                       ,UOP01/RN                      
80124,2017-10-21,sábado,22:40:00,RN,304.0,"33,9",MOSSORO                                                     ,Animais na Pista                                                                                    ,Atropelamento de Animal                                                                                                                                                                                 ,Com Vítimas Feridas,Plena Noite         ,Decrescente         ,Céu Claro           ,Dupla               ,Desvio Temporário             ,Sim       ,6,0,3,2,1,0,5,3,-5.15527375,-37.34926701,SR-RN               ,DEL15/4                       ,UOP02/RN                      
80131,2017-10-21,sábado,23:00:00,RN,226.0,8,NATAL                                                       ,Velocidade Incompatível                                                                             ,Colisão com objeto estático                                                                                                                                                                             ,Com Vítimas Feridas,Plena Noite         ,Crescente           ,Céu Claro           ,Simples             ,Curva                         ,Não       ,2,0,0,2,0,0,2,1,-5.8358,-35.2802,SR-RN               ,DEL15/1                       ,UOP02/RN                      
80143,2017-10-22,domingo,00:30:00,RN,304.0,"272,1",SAO PEDRO                                                   ,Ultrapassagem Indevida                                                                              ,Colisão com objeto estático                                                                                                                                                                             ,Com Vítimas Feridas,Plena Noite         ,Decrescente         ,Céu Claro           ,Simples             ,Desvio Temporário             ,Não       ,1,0,1,0,0,0,1,1,-5.87406004,-35.56582979,SR-RN               ,DEL15/1                       ,UOP02/RN                      
80192,2017-08-01,terça-feira,12:45:00,RN,405.0,"0,7",MOSSORO                                                     ,Desobediência às normas de trânsito pelo condutor                                                   ,Colisão traseira                                                                                                                                                                                        ,Com Vítimas Feridas,Pleno dia           ,Crescente           ,Céu Claro           ,Dupla               ,Reta                          ,Sim       ,2,0,1,0,1,0,1,2,-5.19109566,-37.35715538,SR-RN               ,DEL15/4                       ,UOP02/RN                      
80339,2017-10-22,domingo,15:29:00,RN,226.0,"7,7",NATAL                                                       ,Ingestão de Álcool                                                                                  ,Saída de leito carroçável                                                                                                                                                                               ,Com Vítimas Feridas,Pleno dia           ,Crescente           ,Céu Claro           ,Simples             ,Reta                          ,Sim       ,2,0,1,0,0,1,1,1,-5.833943,-35.279191,SR-RN               ,DEL15/1                       ,UOP02/RN                      
80525,2017-10-23,segunda-feira,08:30:00,RN,101.0,"96,5",NATAL                                                       ,Não guardar distância de segurança                                                                  ,Colisão traseira                                                                                                                                                                                        ,Com Vítimas Feridas,Pleno dia           ,Decrescente         ,Céu Claro           ,Múltipla            ,Reta                          ,Sim       ,2,0,1,0,1,0,1,2,-5.85235104,-35.21045046,SR-RN               ,DEL15/1                       ,UOP01/RN                      
80526,2017-10-23,segunda-feira,08:40:00,RN,427.0,"99,6",CAICO                                                       ,Não guardar distância de segurança                                                                  ,Colisão traseira                                                                                                                                                                                        ,Sem Vítimas,Pleno dia           ,Crescente           ,Céu Claro           ,Simples             ,Desvio Temporário             ,Sim       ,3,0,0,0,3,0,0,2,-6.464049,-37.092482000000004,SR-RN               ,DEL15/3                       ,UOP01/RN                      
80635,2017-10-23,segunda-feira,17:40:00,RN,226.0,128,CAMPO REDONDO                                               ,Ultrapassagem Indevida                                                                              ,Colisão com objeto estático                                                                                                                                                                             ,Sem Vítimas,Pleno dia           ,Decrescente         ,Nublado             ,Simples             ,Não Informado                 ,Não       ,1,0,0,0,1,0,0,1,-6.21113475,-36.15813078,SR-RN               ,DEL15/3                       ,UOP02/RN                      
80640,2017-10-23,segunda-feira,17:50:00,RN,405.0,"26,6",MOSSORO                                                     ,Falta de Atenção do Pedestre                                                                        ,Atropelamento de Pedestre                                                                                                                                                                               ,Com Vítimas Fatais,Anoitecer           ,Crescente           ,Céu Claro           ,Simples             ,Reta                          ,Não       ,2,1,0,0,1,0,0,1,-5.28868043,-37.55108031,SR-RN               ,DEL15/4                       ,UOP02/RN                      
80832,2017-08-11,sexta-feira,06:30:00,RN,304.0,"47,9",MOSSORO                                                     ,Falta de Atenção à Condução                                                                         ,Colisão transversal                                                                                                                                                                                     ,Com Vítimas Feridas,Pleno dia           ,Decrescente         ,Céu Claro           ,Dupla               ,Reta                          ,Sim       ,3,0,0,1,1,1,1,2,-5.2308,-37.3208,SR-RN               ,DEL15/4                       ,UOP01/RN                      
80952,2017-10-25,quarta-feira,11:20:00,RN,304.0,35,MOSSORO                                                     ,Desobediência às normas de trânsito pelo condutor                                                   ,Colisão lateral                                                                                                                                                                                         ,Com Vítimas Feridas,Pleno dia           ,Decrescente         ,Sol                 ,Simples             ,Rotatória                     ,Sim       ,2,0,1,0,1,0,1,2,-5.16595909,-37.35085487,SR-RN               ,DEL15/4                       ,UOP02/RN                      
80954,2017-10-25,quarta-feira,11:20:00,RN,101.0,75,EXTREMOZ                                                    ,Falta de Atenção à Condução                                                                         ,Capotamento                                                                                                                                                                                             ,Com Vítimas Feridas,Pleno dia           ,Crescente           ,Sol                 ,Dupla               ,Rotatória                     ,Não       ,2,0,2,0,0,0,2,1,-5.721775599999999,-35.27823181,SR-RN               ,DEL15/2                       ,UOP01/RN                      
81047,2017-10-25,quarta-feira,07:30:00,RN,427.0,"144,7",SERRA NEGRA DO NORTE                                        ,Desobediência às normas de trânsito pelo condutor                                                   ,Tombamento                                                                                                                                                                                              ,Com Vítimas Feridas,Pleno dia           ,Crescente           ,Céu Claro           ,Simples             ,Curva                         ,Não       ,2,0,2,0,0,0,2,1,-6.65749951,-37.38465944,SR-RN               ,DEL15/3                       ,UOP01/RN                      
81061,2017-10-25,quarta-feira,18:00:00,RN,304.0,"97,6",NATAL                                                       ,Falta de Atenção do Pedestre                                                                        ,Atropelamento de Pedestre                                                                                                                                                                               ,Com Vítimas Feridas,Plena Noite         ,Crescente           ,Céu Claro           ,Múltipla            ,Reta                          ,Sim       ,2,0,2,0,0,0,2,1,-5.86683246,-35.21740973,SR-RN               ,DEL15/4                       ,UOP01/RN                      
81075,2017-10-25,quarta-feira,18:30:00,RN,427.0,"0,1",CURRAIS NOVOS                                               ,Falta de Atenção à Condução                                                                         ,Colisão frontal                                                                                                                                                                                         ,Sem Vítimas,Plena Noite         ,Decrescente         ,Céu Claro           ,Simples             ,Interseção de vias            ,Sim       ,2,0,0,0,1,1,0,2,-6.26811339,-36.52253003,SR-RN               ,DEL15/3                       ,UOP02/RN                      
81256,2017-10-26,quinta-feira,14:15:00,RN,101.0,"102,1",PARNAMIRIM                                                  ,Falta de Atenção à Condução                                                                         ,Colisão transversal                                                                                                                                                                                     ,Com Vítimas Feridas,Pleno dia           ,Crescente           ,Nublado             ,Dupla               ,Interseção de vias            ,Sim       ,3,0,2,0,1,0,2,2,-5.888062000000001,-35.238569,SR-RN               ,DEL15/1                       ,UOP01/RN                      
81427,2017-10-27,sexta-feira,07:00:00,RN,101.0,95,NATAL                                                       ,Ingestão de Álcool                                                                                  ,Colisão traseira                                                                                                                                                                                        ,Sem Vítimas,Pleno dia           ,Decrescente         ,Céu Claro           ,Dupla               ,Reta                          ,Sim       ,2,0,0,0,2,0,0,2,-5.84094003,-35.21035552,SR-RN               ,DEL15/1                       ,UOP01/RN                      
81439,2017-10-27,sexta-feira,09:00:00,RN,101.0,85,NATAL                                                       ,Não guardar distância de segurança                                                                  ,Colisão traseira                                                                                                                                                                                        ,Com Vítimas Feridas,Pleno dia           ,Crescente           ,Céu Claro           ,Dupla               ,Reta                          ,Sim       ,4,0,2,0,2,0,2,3,-5.78296462,-35.24725485,SR-RN               ,DEL15/2                       ,UOP01/RN                      
81442,2017-10-27,sexta-feira,09:15:00,RN,304.0,302,MACAIBA                                                     ,Falta de Atenção à Condução                                                                         ,Colisão traseira                                                                                                                                                                                        ,Com Vítimas Feridas,Pleno dia           ,Crescente           ,Sol                 ,Dupla               ,Reta                          ,Sim       ,2,0,0,1,1,0,1,2,-5.8781,-35.3016,SR-RN               ,DEL15/1                       ,UOP02/RN                      
81567,2017-10-27,sexta-feira,17:00:00,RN,226.0,3,NATAL                                                       ,Desobediência às normas de trânsito pelo condutor                                                   ,Colisão transversal                                                                                                                                                                                     ,Com Vítimas Feridas,Pleno dia           ,Crescente           ,Céu Claro           ,Simples             ,Reta                          ,Sim       ,2,0,0,1,1,0,1,2,-5.8209,-35.251999999999995,SR-RN               ,DEL15/1                       ,UOP02/RN                      
81580,2017-10-27,sexta-feira,18:00:00,RN,406.0,171,SAO GONCALO DO AMARANTE                                     ,Objeto estático sobre o leito carroçável                                                            ,Queda de ocupante de veículo                                                                                                                                                                            ,Com Vítimas Feridas,Plena Noite         ,Decrescente         ,Céu Claro           ,Dupla               ,Reta                          ,Sim       ,1,0,0,1,0,0,1,1,-5.76084786,-35.29303865,SR-RN               ,DEL15/2                       ,UOP01/RN                      
81712,2017-10-28,sábado,05:00:00,RN,101.0,102,PARNAMIRIM                                                  ,Não guardar distância de segurança                                                                  ,Colisão traseira                                                                                                                                                                                        ,Sem Vítimas,Amanhecer           ,Crescente           ,Céu Claro           ,Dupla               ,Reta                          ,Sim       ,2,0,0,0,2,0,0,2,-5.91731709,-35.26342303,SR-RN               ,DEL15/1                       ,UOP01/RN                      
81738,2017-10-28,sábado,06:50:00,RN,406.0,"151,4",CEARA-MIRIM                                                 ,Falta de Atenção à Condução                                                                         ,Colisão frontal                                                                                                                                                                                         ,Com Vítimas Feridas,Pleno dia           ,Crescente           ,Céu Claro           ,Simples             ,Interseção de vias            ,Sim       ,2,0,1,0,1,0,1,2,-5.65169973,-35.42372068,SR-RN               ,DEL15/2                       ,UOP01/RN                      
81815,2017-10-28,sábado,12:50:00,RN,101.0,"107,1",PARNAMIRIM                                                  ,Desobediência às normas de trânsito pelo condutor                                                   ,Colisão transversal                                                                                                                                                                                     ,Com Vítimas Feridas,Pleno dia           ,Crescente           ,Céu Claro           ,Dupla               ,Não Informado                 ,Sim       ,2,0,1,0,1,0,1,2,-5.91788,-35.263784,SR-RN               ,DEL15/1                       ,UOP01/RN                      
81816,2017-10-28,sábado,12:45:00,RN,101.0,152,GOIANINHA                                                   ,Defeito na Via                                                                                      ,Capotamento                                                                                                                                                                                             ,Com Vítimas Feridas,Pleno dia           ,Decrescente         ,Céu Claro           ,Dupla               ,Reta                          ,Não       ,1,0,1,0,0,0,1,1,-6.3114,-35.1868,SR-RN               ,DEL15/1                       ,UOP01/RN                      
81892,2017-10-28,sábado,18:10:00,RN,101.0,"72,7",EXTREMOZ                                                    ,Animais na Pista                                                                                    ,Atropelamento de Animal                                                                                                                                                                                 ,Com Vítimas Feridas,Anoitecer           ,Decrescente         ,Céu Claro           ,Simples             ,Não Informado                 ,Não       ,2,0,0,2,0,0,2,1,-5.70210194,-35.26490073,SR-RN               ,DEL15/2                       ,UOP01/RN                      
81944,2017-10-28,sábado,20:20:00,RN,101.0,"83,1",NATAL                                                       ,Ingestão de Álcool                                                                                  ,Colisão com objeto estático                                                                                                                                                                             ,Sem Vítimas,Plena Noite         ,Decrescente         ,Céu Claro           ,Dupla               ,Reta                          ,Sim       ,1,0,0,0,1,0,0,1,-5.76984615,-35.26926488,SR-RN               ,DEL15/2                       ,UOP01/RN                      
81971,2017-10-28,sábado,23:00:00,RN,101.0,"160,2",CANGUARETAMA                                                ,Falta de Atenção à Condução                                                                         ,Tombamento                                                                                                                                                                                              ,Sem Vítimas,Plena Noite         ,Crescente           ,Garoa/Chuvisco      ,Múltipla            ,Reta                          ,Sim       ,2,0,0,0,2,0,0,2,-6.36030049,-35.15893972,SR-RN               ,DEL15/1                       ,UOP01/RN                      
81975,2017-10-28,sábado,23:45:00,RN,427.0,"100,5",CAICO                                                       ,Ingestão de Álcool                                                                                  ,Colisão traseira                                                                                                                                                                                        ,Sem Vítimas,Plena Noite         ,Crescente           ,Céu Claro           ,Dupla               ,Reta                          ,Sim       ,3,0,0,0,3,0,0,3,-6.461149900000001,-37.09638638,SR-RN               ,DEL15/3                       ,UOP01/RN                      
81998,2017-10-29,domingo,01:50:00,RN,101.0,"72,7",EXTREMOZ                                                    ,Animais na Pista                                                                                    ,Atropelamento de Animal                                                                                                                                                                                 ,Com Vítimas Feridas,Plena Noite         ,Crescente           ,Nublado             ,Simples             ,Reta                          ,Não       ,4,0,2,2,0,0,4,1,-5.70210194,-35.26490073,SR-RN               ,DEL15/2                       ,UOP01/RN                      
82138,2017-10-29,domingo,16:35:00,RN,405.0,3,MOSSORO                                                     ,Ingestão de Álcool                                                                                  ,Capotamento                                                                                                                                                                                             ,Com Vítimas Feridas,Pleno dia           ,Crescente           ,Céu Claro           ,Dupla               ,Curva                         ,Sim       ,2,0,2,0,0,0,2,1,-5.19485137,-37.37838507,SR-RN               ,DEL15/4                       ,UOP02/RN                      
82203,2017-10-29,domingo,20:35:00,RN,226.0,"3,8",NATAL                                                       ,Defeito Mecânico no Veículo                                                                         ,Colisão traseira                                                                                                                                                                                        ,Com Vítimas Feridas,Plena Noite         ,Decrescente         ,Céu Claro           ,Simples             ,Reta                          ,Sim       ,2,0,1,0,1,0,1,2,-5.81969999,-35.25832003,SR-RN               ,DEL15/1                       ,UOP02/RN                      
82252,2017-10-30,segunda-feira,00:50:00,RN,101.0,112,PARNAMIRIM                                                  ,Animais na Pista                                                                                    ,Atropelamento de Animal                                                                                                                                                                                 ,Com Vítimas Feridas,Plena Noite         ,Crescente           ,Céu Claro           ,Dupla               ,Reta                          ,Não       ,1,0,1,0,0,0,1,1,-5.956697,-35.264784000000006,SR-RN               ,DEL15/1                       ,UOP01/RN                      
82312,2017-10-30,segunda-feira,07:15:00,RN,101.0,"82,6",NATAL                                                       ,Falta de Atenção à Condução                                                                         ,Colisão traseira                                                                                                                                                                                        ,Sem Vítimas,Pleno dia           ,Crescente           ,Céu Claro           ,Dupla               ,Reta                          ,Sim       ,3,0,0,0,3,0,0,3,-5.76832025,-35.27367932,SR-RN               ,DEL15/2                       ,UOP01/RN                      
82319,2017-10-30,segunda-feira,07:00:00,RN,226.0,"14,7",MACAIBA                                                     ,Falta de Atenção à Condução                                                                         ,Colisão transversal                                                                                                                                                                                     ,Com Vítimas Feridas,Pleno dia           ,Decrescente         ,Céu Claro           ,Simples             ,Reta                          ,Sim       ,2,0,1,0,1,0,1,2,-5.85665042,-35.33464098,SR-RN               ,DEL15/1                       ,UOP02/RN                      
82320,2017-10-30,segunda-feira,07:50:00,RN,101.0,105,PARNAMIRIM                                                  ,Não guardar distância de segurança                                                                  ,Engavetamento                                                                                                                                                                                           ,Sem Vítimas,Pleno dia           ,Crescente           ,Sol                 ,Dupla               ,Reta                          ,Sim       ,4,0,0,0,4,0,0,4,-5.89730201,-35.25844753,SR-RN               ,DEL15/1                       ,UOP01/RN                      
82355,2017-07-03,segunda-feira,13:10:00,RN,226.0,11,MACAIBA                                                     ,Falta de Atenção à Condução                                                                         ,Colisão transversal                                                                                                                                                                                     ,Com Vítimas Feridas,Pleno dia           ,Decrescente         ,Nublado             ,Simples             ,Curva                         ,Sim       ,2,0,0,1,1,0,1,2,-5.847493,-35.31158,SR-RN               ,DEL15/1                       ,UOP02/RN                      
82387,2017-10-30,segunda-feira,11:00:00,RN,405.0,"75,5",APODI                                                       ,Falta de Atenção à Condução                                                                         ,Colisão lateral                                                                                                                                                                                         ,Sem Vítimas,Pleno dia           ,Crescente           ,Céu Claro           ,Dupla               ,Reta                          ,Sim       ,2,0,0,0,2,0,0,2,-5.6491793,-37.79951334,SR-RN               ,DEL15/4                       ,UOP02/RN                      
82398,2017-10-30,segunda-feira,13:00:00,RN,101.0,"105,5",PARNAMIRIM                                                  ,Falta de Atenção à Condução                                                                         ,Colisão lateral                                                                                                                                                                                         ,Com Vítimas Feridas,Pleno dia           ,Decrescente         ,Sol                 ,Dupla               ,Retorno Regulamentado         ,Sim       ,2,0,0,1,1,0,1,2,-5.90450027,-35.2599898,SR-RN               ,DEL15/1                       ,UOP01/RN                      
82400,2017-10-30,segunda-feira,12:36:00,RN,101.0,"77,7",NATAL                                                       ,Falta de Atenção à Condução                                                                         ,Colisão transversal                                                                                                                                                                                     ,Com Vítimas Feridas,Pleno dia           ,Crescente           ,Céu Claro           ,Dupla               ,Reta                          ,Sim       ,2,0,1,0,0,1,1,2,-5.7273610999999995,-35.29100418,SR-RN               ,DEL15/2                       ,UOP01/RN                      
82412,2017-10-30,segunda-feira,14:30:00,RN,304.0,"295,9",MACAIBA                                                     ,Falta de Atenção à Condução                                                                         ,Colisão traseira                                                                                                                                                                                        ,Sem Vítimas,Pleno dia           ,Decrescente         ,Céu Claro           ,Simples             ,Reta                          ,Não       ,2,0,0,0,2,0,0,2,-5.8562141,-35.355190500000006,SR-RN               ,DEL15/1                       ,UOP02/RN                      
82429,2017-10-18,quarta-feira,18:00:00,RN,101.0,102,PARNAMIRIM                                                  ,Não guardar distância de segurança                                                                  ,Colisão traseira                                                                                                                                                                                        ,Com Vítimas Feridas,Plena Noite         ,Decrescente         ,Céu Claro           ,Dupla               ,Retorno Regulamentado         ,Sim       ,3,0,1,0,2,0,1,3,-5.88714114,-35.23252934,SR-RN               ,DEL15/1                       ,UOP01/RN                      
82508,2017-10-30,segunda-feira,23:00:00,RN,101.0,"74,9",NATAL                                                       ,Animais na Pista                                                                                    ,Atropelamento de Animal                                                                                                                                                                                 ,Com Vítimas Feridas,Plena Noite         ,Decrescente         ,Céu Claro           ,Dupla               ,Reta                          ,Sim       ,1,0,0,1,0,0,1,1,-5.71904084,-35.27487048,SR-RN               ,DEL15/2                       ,UOP01/RN                      
82509,2017-10-30,segunda-feira,23:50:00,RN,304.0,"38,1",MOSSORO                                                     ,Falta de Atenção à Condução                                                                         ,Queda de ocupante de veículo                                                                                                                                                                            ,Com Vítimas Feridas,Plena Noite         ,Crescente           ,Céu Claro           ,Dupla               ,Reta                          ,Sim       ,1,0,1,0,0,0,1,1,-5.18376003,-37.37032002,SR-RN               ,DEL15/4                       ,UOP02/RN                      
82581,2017-10-31,terça-feira,10:25:00,RN,101.0,123,SAO JOSE DE MIPIBU                                          ,Não guardar distância de segurança                                                                  ,Queda de ocupante de veículo                                                                                                                                                                            ,Com Vítimas Feridas,Pleno dia           ,Decrescente         ,Céu Claro           ,Dupla               ,Reta                          ,Não       ,1,0,1,0,0,0,1,1,-6.06636938,-35.23947895,SR-RN               ,DEL15/1                       ,UOP01/RN                      
82622,2017-10-31,terça-feira,13:00:00,RN,304.0,197,LAJES                                                       ,Condutor Dormindo                                                                                   ,Colisão frontal                                                                                                                                                                                         ,Com Vítimas Feridas,Pleno dia           ,Decrescente         ,Sol                 ,Simples             ,Reta                          ,Não       ,2,0,0,1,1,0,1,2,-5.7126,-36.1946,SR-RN               ,DEL15/1                       ,UOP03/RN                      
82692,2017-10-31,terça-feira,17:50:00,RN,101.0,95,NATAL                                                       ,Falta de Atenção à Condução                                                                         ,Colisão transversal                                                                                                                                                                                     ,Com Vítimas Feridas,Plena Noite         ,Decrescente         ,Céu Claro           ,Múltipla            ,Não Informado                 ,Sim       ,2,0,1,0,1,0,1,2,-5.8380941,-35.21100177,SR-RN               ,DEL15/1                       ,UOP01/RN                      
82889,2017-11-01,quarta-feira,16:20:00,RN,304.0,32,MOSSORO                                                     ,Falta de Atenção à Condução                                                                         ,Colisão transversal                                                                                                                                                                                     ,Com Vítimas Feridas,Pleno dia           ,Crescente           ,Céu Claro           ,Simples             ,Reta                          ,Sim       ,2,0,1,0,1,0,1,2,-5.1578442,-37.34988666,SR-RN               ,DEL15/4                       ,UOP02/RN                      
82943,2017-11-01,quarta-feira,18:30:00,RN,405.0,80,APODI                                                       ,Ingestão de Álcool                                                                                  ,Queda de ocupante de veículo                                                                                                                                                                            ,Com Vítimas Feridas,Plena Noite         ,Crescente           ,Céu Claro           ,Simples             ,Reta                          ,Não       ,3,0,1,0,2,0,1,2,-5.6819,-37.7896,SR-RN               ,DEL15/4                       ,UOP02/RN                      
83032,2017-11-02,quinta-feira,07:00:00,RN,405.0,"163,8",RAFAEL FERNANDES                                            ,Velocidade Incompatível                                                                             ,Capotamento                                                                                                                                                                                             ,Com Vítimas Feridas,Pleno dia           ,Decrescente         ,Céu Claro           ,Simples             ,Reta                          ,Não       ,4,0,3,0,1,0,3,1,-6.2178008,-38.23450069,SR-RN               ,DEL15/4                       ,UOP02/RN                      
83080,2017-08-18,sexta-feira,16:31:00,RN,304.0,174,ANGICOS                                                     ,Avarias e/ou desgaste excessivo no pneu                                                             ,Saída de leito carroçável                                                                                                                                                                               ,Com Vítimas Feridas,Pleno dia           ,Decrescente         ,Ignorado            ,Simples             ,Reta                          ,Não       ,2,0,1,0,1,0,1,1,-5.6874,-36.3967,SR-RN               ,DEL15/1                       ,UOP03/RN                      
83134,2017-11-02,quinta-feira,17:40:00,RN,304.0,298,MACAIBA                                                     ,Desobediência às normas de trânsito pelo condutor                                                   ,Colisão transversal                                                                                                                                                                                     ,Com Vítimas Feridas,Anoitecer           ,Decrescente         ,Céu Claro           ,Simples             ,Rotatória                     ,Sim       ,2,0,0,1,1,0,1,2,-5.863241099999999,-35.34346819,SR-RN               ,DEL15/1                       ,UOP02/RN                      
83162,2017-11-02,quinta-feira,21:30:00,RN,405.0,"53,7",FELIPE GUERRA                                               ,Ingestão de Álcool                                                                                  ,Tombamento                                                                                                                                                                                              ,Sem Vítimas,Plena Noite         ,Crescente           ,Céu Claro           ,Simples             ,Reta                          ,Não       ,1,0,0,0,1,0,0,1,-5.48641184,-37.69414131,SR-RN               ,DEL15/4                       ,UOP02/RN                      
83266,2017-11-03,sexta-feira,10:40:00,RN,405.0,183,JOSE DA PENHA                                               ,Falta de Atenção à Condução                                                                         ,Colisão transversal                                                                                                                                                                                     ,Com Vítimas Feridas,Pleno dia           ,Decrescente         ,Céu Claro           ,Simples             ,Reta                          ,Não       ,2,0,2,0,0,0,2,2,-6.3725,-38.2984,SR-RN               ,DEL15/4                       ,UOP02/RN                      
83280,2017-11-03,sexta-feira,11:05:00,RN,304.0,266,IELMO MARINHO                                               ,Falta de Atenção à Condução                                                                         ,Capotamento                                                                                                                                                                                             ,Com Vítimas Feridas,Pleno dia           ,Crescente           ,Céu Claro           ,Simples             ,Reta                          ,Não       ,1,0,1,0,0,0,1,1,-5.8594,-35.6186,SR-RN               ,DEL15/1                       ,UOP02/RN                      
83371,2017-11-03,sexta-feira,18:00:00,RN,304.0,106,ACU                                                         ,Falta de Atenção à Condução                                                                         ,Colisão transversal                                                                                                                                                                                     ,Com Vítimas Feridas,Plena Noite         ,Crescente           ,Céu Claro           ,Simples             ,Interseção de vias            ,Não       ,2,0,0,1,1,0,1,2,-5.58816188,-36.96823347,SR-RN               ,DEL15/4                       ,UOP01/RN                      
83382,2017-11-03,sexta-feira,19:00:00,RN,226.0,"45,1",BOM JESUS                                                   ,Falta de Atenção à Condução                                                                         ,Colisão traseira                                                                                                                                                                                        ,Com Vítimas Feridas,Plena Noite         ,Crescente           ,Céu Claro           ,Simples             ,Não Informado                 ,Não       ,4,0,2,0,1,1,2,3,-5.96544901,-35.5687789,SR-RN               ,DEL15/1                       ,UOP02/RN                      
83593,2017-11-04,sábado,17:45:00,RN,101.0,103,PARNAMIRIM                                                  ,Desobediência às normas de trânsito pelo condutor                                                   ,Colisão transversal                                                                                                                                                                                     ,Com Vítimas Feridas,Plena Noite         ,Crescente           ,Céu Claro           ,Múltipla            ,Reta                          ,Sim       ,2,0,1,0,1,0,1,2,-5.8902,-35.2494,SR-RN               ,DEL15/1                       ,UOP01/RN                      