id,data_inversa,dia_semana,horario,uf,br,km,municipio,causa_acidente,tipo_acidente,classificacao_acidente,fase_dia,sentido_via,condicao_metereologica,tipo_pista,tracado_via,uso_solo,pessoas,mortos,feridos_leves,feridos_graves,ilesos,ignorados,feridos,veiculos,latitude,longitude,regional,delegacia,uop
83714,2017-11-05,domingo,04:40:00,RN,101.0,78,NATAL                                                       ,Ingestão de Álcool                                                                                  ,Colisão traseira                                                                                                                                                                                        ,Com Vítimas Feridas,Amanhecer           ,Crescente           ,Céu Claro           ,Dupla               ,Reta                          ,Sim       ,3,0,0,1,2,0,1,3,-5.7382328000000005,-35.29059629,SR-RN               ,DEL15/2                       ,UOP01/RN                      
83922,2017-11-05,domingo,19:56:00,RN,101.0,"17,4",TOUROS                                                      ,Animais na Pista                                                                                    ,Atropelamento de Animal                                                                                                                                                                                 ,Com Vítimas Feridas,Plena Noite         ,Crescente           ,Céu Claro           ,Simples             ,Reta                          ,Não       ,4,0,1,2,1,0,3,1,-5.28471996,-35.45020007,SR-RN               ,DEL15/2                       ,UOP01/RN                      
83927,2017-11-05,domingo,21:45:00,RN,101.0,83,NATAL                                                       ,Não guardar distância de segurança                                                                  ,Colisão traseira                                                                                                                                                                                        ,Com Vítimas Feridas,Plena Noite         ,Crescente           ,Céu Claro           ,Dupla               ,Reta                          ,Sim       ,2,0,2,0,0,0,2,2,-5.7696,-35.2702,SR-RN               ,DEL15/2                       ,UOP01/RN                      
83978,2017-11-06,segunda-feira,05:00:00,RN,101.0,17,TOUROS                                                      ,Falta de Atenção do Pedestre                                                                        ,Atropelamento de Pedestre                                                                                                                                                                               ,Com Vítimas Fatais,Pleno dia           ,Crescente           ,Céu Claro           ,Simples             ,Reta                          ,Não       ,2,1,0,0,1,0,0,1,-5.2829999999999995,-35.4534,SR-RN               ,DEL15/2                       ,UOP01/RN                      
84008,2017-11-06,segunda-feira,06:50:00,RN,406.0,"159,4",CEARA-MIRIM                                                 ,Falta de Atenção à Condução                                                                         ,Colisão traseira                                                                                                                                                                                        ,Com Vítimas Feridas,Pleno dia           ,Crescente           ,Céu Claro           ,Simples             ,Reta                          ,Sim       ,3,0,1,0,2,0,1,3,-5.71444823,-35.37160724,SR-RN               ,DEL15/2                       ,UOP01/RN                      
84051,2017-11-06,segunda-feira,10:50:00,RN,304.0,"299,9",MACAIBA                                                     ,Desobediência às normas de trânsito pelo condutor                                                   ,Colisão transversal                                                                                                                                                                                     ,Com Vítimas Feridas,Pleno dia           ,Crescente           ,Céu Claro           ,Múltipla            ,Reta                          ,Não       ,2,0,0,1,1,0,1,2,-5.86979411,-35.32816887,SR-RN               ,DEL15/1                       ,UOP02/RN                      
84150,2017-11-06,segunda-feira,18:05:00,RN,101.0,"98,7",NATAL                                                       ,Falta de Atenção à Condução                                                                         ,Colisão lateral                                                                                                                                                                                         ,Com Vítimas Feridas,Plena Noite         ,Crescente           ,Céu Claro           ,Simples             ,Reta                          ,Sim       ,2,0,1,0,1,0,1,2,-5.87037026,-35.21907013,SR-RN               ,DEL15/1                       ,UOP01/RN                      
84170,2017-11-06,segunda-feira,20:30:00,RN,101.0,73,SAO GONCALO DO AMARANTE                                     ,Falta de Atenção à Condução                                                                         ,Colisão transversal                                                                                                                                                                                     ,Com Vítimas Feridas,Pleno dia           ,Decrescente         ,Céu Claro           ,Múltipla            ,Não Informado                 ,Não       ,3,0,0,2,1,0,2,2,-5.7045,-35.2658,SR-RN               ,DEL15/2                       ,UOP01/RN                      
84290,2017-11-07,terça-feira,08:30:00,RN,304.0,222,CAICARA DO RIO DO VENTO                                     ,Falta de Atenção à Condução                                                                         ,Colisão traseira                                                                                                                                                                                        ,Com Vítimas Feridas,Pleno dia           ,Crescente           ,Céu Claro           ,Simples             ,Reta                          ,Não       ,4,0,1,0,3,0,1,2,-5.7599,-35.9772,SR-RN               ,DEL15/1                       ,UOP03/RN                      
84299,2017-11-07,terça-feira,12:20:00,RN,101.0,"82,9",NATAL                                                       ,Não guardar distância de segurança                                                                  ,Colisão traseira                                                                                                                                                                                        ,Com Vítimas Feridas,Pleno dia           ,Crescente           ,Céu Claro           ,Dupla               ,Reta                          ,Sim       ,3,0,1,0,2,0,1,2,-5.76928039,-35.27106894,SR-RN               ,DEL15/2                       ,UOP01/RN                      
84362,2017-11-07,terça-feira,17:10:00,RN,101.0,"96,6",NATAL                                                       ,Falta de Atenção à Condução                                                                         ,Colisão lateral                                                                                                                                                                                         ,Com Vítimas Feridas,Plena Noite         ,Crescente           ,Céu Claro           ,Múltipla            ,Reta                          ,Sim       ,3,0,2,0,1,0,2,2,-5.85359289,-35.210961700000006,SR-RN               ,DEL15/1                       ,UOP01/RN                      
84388,2017-11-07,terça-feira,17:30:00,RN,405.0,178,JOSE DA PENHA                                               ,Velocidade Incompatível                                                                             ,Colisão traseira                                                                                                                                                                                        ,Com Vítimas Feridas,Anoitecer           ,Decrescente         ,Céu Claro           ,Simples             ,Reta                          ,Sim       ,2,0,1,0,1,0,1,2,-6.3255214,-38.288897399999996,SR-RN               ,DEL15/4                       ,UOP02/RN                      
84506,2017-11-08,quarta-feira,11:30:00,RN,101.0,96,NATAL                                                       ,Falta de Atenção do Pedestre                                                                        ,Atropelamento de Pedestre                                                                                                                                                                               ,Com Vítimas Feridas,Pleno dia           ,Decrescente         ,Céu Claro           ,Múltipla            ,Reta                          ,Sim       ,3,0,0,1,1,1,1,2,-5.8504419,-35.209369,SR-RN               ,DEL15/1                       ,UOP01/RN                      
84763,2017-11-09,quinta-feira,14:25:00,RN,101.0,"103,9",PARNAMIRIM                                                  ,Falta de Atenção à Condução                                                                         ,Colisão traseira                                                                                                                                                                                        ,Com Vítimas Feridas,Pleno dia           ,Crescente           ,Garoa/Chuvisco      ,Dupla               ,Curva                         ,Sim       ,3,0,2,0,1,0,2,2,-5.89208945,-35.25722772,SR-RN               ,DEL15/1                       ,UOP01/RN                      
84829,2017-11-09,quinta-feira,18:15:00,RN,304.0,"53,3",MOSSORO                                                     ,Defeito na Via                                                                                      ,Queda de ocupante de veículo                                                                                                                                                                            ,Com Vítimas Feridas,Plena Noite         ,Decrescente         ,Céu Claro           ,Simples             ,Reta                          ,Não       ,2,0,1,0,1,0,1,1,-5.27251044,-37.29760976,SR-RN               ,DEL15/4                       ,UOP01/RN                      
84842,2017-11-09,quinta-feira,21:25:00,RN,101.0,"102,9",PARNAMIRIM                                                  ,Falta de Atenção do Pedestre                                                                        ,Atropelamento de Pedestre                                                                                                                                                                               ,Com Vítimas Feridas,Plena Noite         ,Crescente           ,Céu Claro           ,Dupla               ,Não Informado                 ,Sim       ,3,0,1,1,1,0,2,1,-5.89002028,-35.24849142,SR-RN               ,DEL15/1                       ,UOP01/RN                      
84845,2017-11-09,quinta-feira,22:00:00,RN,304.0,17,MOSSORO                                                     ,Falta de Atenção à Condução                                                                         ,Colisão traseira                                                                                                                                                                                        ,Com Vítimas Feridas,Plena Noite         ,Crescente           ,Nublado             ,Simples             ,Reta                          ,Não       ,19,0,4,1,14,0,5,2,-5.0146,-37.3631,SR-RN               ,DEL15/4                       ,UOP02/RN                      
84862,2017-11-09,quinta-feira,21:30:00,RN,427.0,66,JARDIM DO SERIDO                                            ,Avarias e/ou desgaste excessivo no pneu                                                             ,Queda de ocupante de veículo                                                                                                                                                                            ,Com Vítimas Feridas,Plena Noite         ,Decrescente         ,Céu Claro           ,Simples             ,Curva                         ,Não       ,2,0,0,2,0,0,2,1,-6.5732,-36.8642,SR-RN               ,DEL15/3                       ,UOP01/RN                      
84932,2017-11-10,sexta-feira,08:50:00,RN,110.0,"48,3",MOSSORO                                                     ,Falta de Atenção à Condução                                                                         ,Colisão lateral                                                                                                                                                                                         ,Com Vítimas Feridas,Pleno dia           ,Crescente           ,Céu Claro           ,Dupla               ,Reta                          ,Sim       ,3,0,1,0,1,1,1,2,-5.20859062,-37.32932009,SR-RN               ,DEL15/4                       ,UOP01/RN                      
84954,2017-09-16,sábado,05:45:00,RN,110.0,96,UPANEMA                                                     ,Velocidade Incompatível                                                                             ,Saída de leito carroçável                                                                                                                                                                               ,Com Vítimas Feridas,Amanhecer           ,Crescente           ,Céu Claro           ,Simples             ,Reta                          ,Não       ,2,0,0,2,0,0,2,1,-5.62525368,-37.27069605,SR-RN               ,DEL15/4                       ,UOP01/RN                      
84968,2017-11-10,sexta-feira,12:10:00,RN,101.0,"81,3",NATAL                                                       ,Animais na Pista                                                                                    ,Atropelamento de Animal                                                                                                                                                                                 ,Com Vítimas Feridas,Pleno dia           ,Crescente           ,Céu Claro           ,Dupla               ,Reta                          ,Não       ,1,0,1,0,0,0,1,1,-5.7640199999999995,-35.28477999,SR-RN               ,DEL15/2                       ,UOP01/RN                      
84985,2017-11-10,sexta-feira,13:15:00,RN,101.0,105,PARNAMIRIM                                                  ,Falta de Atenção à Condução                                                                         ,Colisão traseira                                                                                                                                                                                        ,Sem Vítimas,Pleno dia           ,Crescente           ,Céu Claro           ,Dupla               ,Reta                          ,Sim       ,3,0,0,0,3,0,0,3,-5.8973,-35.2585,SR-RN               ,DEL15/1                       ,UOP01/RN                      
85015,2017-11-10,sexta-feira,13:20:00,RN,304.0,"102,3",ACU                                                         ,Falta de Atenção à Condução                                                                         ,Colisão traseira                                                                                                                                                                                        ,Com Vítimas Feridas,Pleno dia           ,Decrescente         ,Sol                 ,Simples             ,Reta                          ,Não       ,2,0,1,0,1,0,1,2,-5.58356997,-36.99973015,SR-RN               ,DEL15/4                       ,UOP01/RN                      
85059,2017-11-10,sexta-feira,17:40:00,RN,406.0,"101,7",JOAO CAMARA                                                 ,Falta de Atenção à Condução                                                                         ,Colisão transversal                                                                                                                                                                                     ,Com Vítimas Feridas,Anoitecer           ,Decrescente         ,Nublado             ,Simples             ,Não Informado                 ,Não       ,2,0,0,1,0,1,1,2,-5.52445656,-35.81993964,SR-RN               ,DEL15/2                       ,UOP01/RN                      
85064,2017-11-10,sexta-feira,17:15:00,RN,304.0,"305,5",PARNAMIRIM                                                  ,Falta de Atenção à Condução                                                                         ,Colisão transversal                                                                                                                                                                                     ,Com Vítimas Feridas,Anoitecer           ,Decrescente         ,Céu Claro           ,Dupla               ,Não Informado                 ,Não       ,2,0,1,0,1,0,1,2,-5.88624032,-35.27602136,SR-RN               ,DEL15/1                       ,UOP02/RN                      
85071,2017-11-10,sexta-feira,17:50:00,RN,304.0,"47,9",MOSSORO                                                     ,Falta de Atenção à Condução                                                                         ,Colisão lateral                                                                                                                                                                                         ,Com Vítimas Feridas,Plena Noite         ,Crescente           ,Ignorado            ,Dupla               ,Reta                          ,Sim       ,2,0,2,0,0,0,2,2,-5.22765112,-37.32335364,SR-RN               ,DEL15/4                       ,UOP01/RN                      
85146,2017-11-10,sexta-feira,20:30:00,RN,226.0,"172,9",CURRAIS NOVOS                                               ,Falta de Atenção à Condução                                                                         ,Queda de ocupante de veículo                                                                                                                                                                            ,Com Vítimas Feridas,Plena Noite         ,Crescente           ,Nublado             ,Simples             ,Reta                          ,Não       ,1,0,1,0,0,0,1,1,-6.25654873,-36.49027515,SR-RN               ,DEL15/3                       ,UOP02/RN                      
85160,2017-11-10,sexta-feira,23:30:00,RN,110.0,"44,7",MOSSORO                                                     ,Animais na Pista                                                                                    ,Atropelamento de Animal                                                                                                                                                                                 ,Com Vítimas Feridas,Plena Noite         ,Decrescente         ,Céu Claro           ,Simples             ,Não Informado                 ,Sim       ,2,0,1,1,0,0,2,1,-5.19114908,-37.30920285,SR-RN               ,DEL15/4                       ,UOP01/RN                      
85190,2017-11-11,sábado,04:00:00,RN,304.0,"30,5",MOSSORO                                                     ,Ingestão de Álcool                                                                                  ,Colisão frontal                                                                                                                                                                                         ,Com Vítimas Fatais,Amanhecer           ,Decrescente         ,Céu Claro           ,Simples             ,Reta                          ,Sim       ,2,1,0,0,1,0,0,2,-5.12545099,-37.34285021,SR-RN               ,DEL15/4                       ,UOP02/RN                      
85300,2017-11-11,sábado,10:30:00,RN,304.0,"24,2",MOSSORO                                                     ,Velocidade Incompatível                                                                             ,Tombamento                                                                                                                                                                                              ,Sem Vítimas,Pleno dia           ,Decrescente         ,Céu Claro           ,Simples             ,Rotatória                     ,Não       ,1,0,0,0,1,0,0,1,-5.0665,-37.3319,SR-RN               ,DEL15/4                       ,UOP02/RN                      
85411,2017-11-11,sábado,19:10:00,RN,304.0,46,MOSSORO                                                     ,Ingestão de Álcool                                                                                  ,Colisão traseira                                                                                                                                                                                        ,Com Vítimas Feridas,Plena Noite         ,Crescente           ,Céu Claro           ,Dupla               ,Reta                          ,Sim       ,7,0,0,6,0,1,6,3,-5.22584626,-37.33810396,SR-RN               ,DEL15/4                       ,UOP01/RN                      
85420,2017-11-11,sábado,19:00:00,RN,101.0,"84,2",NATAL                                                       ,Falta de Atenção à Condução                                                                         ,Colisão traseira                                                                                                                                                                                        ,Sem Vítimas,Plena Noite         ,Crescente           ,Céu Claro           ,Dupla               ,Reta                          ,Não       ,2,0,0,0,2,0,0,2,-5.77332019,-35.26019948,SR-RN               ,DEL15/2                       ,UOP01/RN                      
85510,2017-11-12,domingo,03:30:00,RN,405.0,153,PAU DOS FERROS                                              ,Falta de Atenção à Condução                                                                         ,Queda de ocupante de veículo                                                                                                                                                                            ,Com Vítimas Feridas,Plena Noite         ,Crescente           ,Céu Claro           ,Simples             ,Reta                          ,Sim       ,1,0,1,0,0,0,1,1,-6.09779079,-38.20750952,SR-RN               ,DEL15/4                       ,UOP02/RN                      
85680,2017-11-12,domingo,19:00:00,RN,101.0,41,MAXARANGUAPE                                                ,Desobediência às normas de trânsito pelo condutor                                                   ,Colisão frontal                                                                                                                                                                                         ,Com Vítimas Fatais,Plena Noite         ,Crescente           ,Vento               ,Simples             ,Reta                          ,Não       ,2,1,0,0,1,0,0,2,-5.45640202,-35.33906937,SR-RN               ,DEL15/2                       ,UOP01/RN                      
85738,2017-11-12,domingo,23:40:00,RN,405.0,"162,2",RAFAEL FERNANDES                                            ,Falta de Atenção à Condução                                                                         ,Colisão traseira                                                                                                                                                                                        ,Com Vítimas Fatais,Plena Noite         ,Decrescente         ,Céu Claro           ,Simples             ,Desvio Temporário             ,Não       ,2,1,0,0,0,1,0,2,-6.20626773,-38.22671655,SR-RN               ,DEL15/4                       ,UOP02/RN                      
85851,2017-10-21,sábado,11:00:00,RN,226.0,"10,1",MACAIBA                                                     ,Falta de Atenção à Condução                                                                         ,Colisão frontal                                                                                                                                                                                         ,Com Vítimas Feridas,Pleno dia           ,Decrescente         ,Céu Claro           ,Simples             ,Curva                         ,Não       ,4,0,4,0,0,0,4,2,-5.84306932,-35.29651344,SR-RN               ,DEL15/1                       ,UOP02/RN                      
85919,2017-11-13,segunda-feira,18:00:00,RN,304.0,"32,4",MOSSORO                                                     ,Restrição de Visibilidade                                                                           ,Colisão transversal                                                                                                                                                                                     ,Com Vítimas Feridas,Plena Noite         ,Crescente           ,Céu Claro           ,Simples             ,Reta                          ,Sim       ,2,0,1,0,1,0,1,2,-5.142721099999999,-37.34662025,SR-RN               ,DEL15/4                       ,UOP02/RN                      
86005,2017-11-14,terça-feira,05:55:00,RN,101.0,"144,5",ARES                                                        ,Velocidade Incompatível                                                                             ,Capotamento                                                                                                                                                                                             ,Com Vítimas Feridas,Amanhecer           ,Decrescente         ,Céu Claro           ,Dupla               ,Não Informado                 ,Não       ,1,0,1,0,0,0,1,1,-6.23290103,-35.21635015,SR-RN               ,DEL15/1                       ,UOP01/RN                      
86034,2017-11-14,terça-feira,07:10:00,RN,226.0,"4,3",NATAL                                                       ,Falta de Atenção à Condução                                                                         ,Colisão transversal                                                                                                                                                                                     ,Com Vítimas Feridas,Pleno dia           ,Decrescente         ,Céu Claro           ,Simples             ,Reta                          ,Não       ,2,0,0,1,1,0,1,2,-5.81907569,-35.26287854,SR-RN               ,DEL15/1                       ,UOP02/RN                      
86133,2017-11-14,terça-feira,15:45:00,RN,101.0,84,NATAL                                                       ,Falta de Atenção à Condução                                                                         ,Colisão lateral                                                                                                                                                                                         ,Com Vítimas Feridas,Pleno dia           ,Decrescente         ,Céu Claro           ,Dupla               ,Não Informado                 ,Sim       ,2,0,1,0,1,0,1,2,-5.7727,-35.2619,SR-RN               ,DEL15/2                       ,UOP01/RN                      
86181,2017-11-14,terça-feira,18:55:00,RN,110.0,49,MOSSORO                                                     ,Falta de Atenção à Condução                                                                         ,Colisão frontal                                                                                                                                                                                         ,Com Vítimas Feridas,Plena Noite         ,Decrescente         ,Céu Claro           ,Dupla               ,Reta                          ,Sim       ,2,0,0,1,1,0,1,2,-5.2151,-37.3303,SR-RN               ,DEL15/4                       ,UOP01/RN                      
86249,2017-11-14,terça-feira,23:45:00,RN,226.0,"4,9",NATAL                                                       ,Falta de Atenção do Pedestre                                                                        ,Atropelamento de Pedestre                                                                                                                                                                               ,Com Vítimas Feridas,Plena Noite         ,Decrescente         ,Céu Claro           ,Simples             ,Reta                          ,Sim       ,2,0,0,1,1,0,1,1,-5.8201217000000005,-35.26688844,SR-RN               ,DEL15/1                       ,UOP02/RN                      
86376,2017-11-15,quarta-feira,15:00:00,RN,101.0,167,CANGUARETAMA                                                ,Não guardar distância de segurança                                                                  ,Colisão traseira                                                                                                                                                                                        ,Com Vítimas Feridas,Pleno dia           ,Decrescente         ,Céu Claro           ,Dupla               ,Reta                          ,Não       ,3,0,1,0,1,1,1,2,-6.4135,-35.1286,SR-RN               ,DEL15/1                       ,UOP01/RN                      
86562,2017-11-16,quinta-feira,12:20:00,RN,101.0,107,PARNAMIRIM                                                  ,Sinalização da via insuficiente ou inadequada                                                       ,Colisão lateral                                                                                                                                                                                         ,Com Vítimas Feridas,Pleno dia           ,Decrescente         ,Céu Claro           ,Dupla               ,Interseção de vias            ,Sim       ,2,0,1,0,1,0,1,2,-5.915368,-35.262415000000004,SR-RN               ,DEL15/1                       ,UOP01/RN                      
86574,2017-11-16,quinta-feira,12:50:00,RN,101.0,"171,4",CANGUARETAMA                                                ,Condutor Dormindo                                                                                   ,Capotamento                                                                                                                                                                                             ,Com Vítimas Feridas,Pleno dia           ,Decrescente         ,Céu Claro           ,Dupla               ,Reta                          ,Não       ,1,0,1,0,0,0,1,1,-6.42825769,-35.11987925,SR-RN               ,DEL15/1                       ,UOP01/RN                      
86592,2017-11-08,quarta-feira,07:05:00,RN,304.0,"29,4",MOSSORO                                                     ,Falta de Atenção à Condução                                                                         ,Colisão transversal                                                                                                                                                                                     ,Com Vítimas Feridas,Pleno dia           ,Decrescente         ,Sol                 ,Simples             ,Reta                          ,Não       ,3,0,2,0,1,0,2,2,-5.114967,-37.34038353,SR-RN               ,DEL15/4                       ,UOP02/RN                      
86635,2017-11-16,quinta-feira,16:00:00,RN,427.0,"116,6",CAICO                                                       ,Animais na Pista                                                                                    ,Colisão com objeto estático                                                                                                                                                                             ,Sem Vítimas,Pleno dia           ,Crescente           ,Sol                 ,Simples             ,Reta                          ,Não       ,1,0,0,0,1,0,0,1,-6.47924042,-37.21318023,SR-RN               ,DEL15/3                       ,UOP01/RN                      
86825,2017-11-17,sexta-feira,14:35:00,RN,101.0,"83,5",SAO GONCALO DO AMARANTE                                     ,Ingestão de Álcool                                                                                  ,Colisão traseira                                                                                                                                                                                        ,Sem Vítimas,Pleno dia           ,Crescente           ,Sol                 ,Dupla               ,Reta                          ,Sim       ,2,0,0,0,2,0,0,2,-5.77114949,-35.26605135,SR-RN               ,DEL15/2                       ,UOP01/RN                      
86864,2017-11-17,sexta-feira,15:40:00,RN,226.0,"176,3",CURRAIS NOVOS                                               ,Falta de Atenção à Condução                                                                         ,Colisão lateral                                                                                                                                                                                         ,Com Vítimas Feridas,Pleno dia           ,Crescente           ,Céu Claro           ,Dupla               ,Interseção de vias            ,Sim       ,2,0,2,0,0,0,2,2,-6.26374218,-36.51851797,SR-RN               ,DEL15/3                       ,UOP02/RN                      
86875,2017-11-17,sexta-feira,07:00:00,RN,226.0,"324,5",MESSIAS TARGINO                                             ,Carga excessiva e/ou mal acondicionada                                                              ,Tombamento                                                                                                                                                                                              ,Com Vítimas Feridas,Pleno dia           ,Crescente           ,Céu Claro           ,Simples             ,Curva                         ,Não       ,1,0,1,0,0,0,1,1,-6.0755,-37.5289,SR-RN               ,DEL15/4                       ,UOP01/RN                      
87180,2017-11-18,sábado,15:30:00,RN,406.0,150,CEARA-MIRIM                                                 ,Desobediência às normas de trânsito pelo condutor                                                   ,Colisão transversal                                                                                                                                                                                     ,Com Vítimas Fatais,Pleno dia           ,Decrescente         ,Céu Claro           ,Simples             ,Reta                          ,Sim       ,2,1,0,0,1,0,0,2,-5.6493,-35.4357,SR-RN               ,DEL15/2                       ,UOP01/RN                      
87181,2017-11-18,sábado,14:30:00,RN,406.0,"101,7",JOAO CAMARA                                                 ,Falta de Atenção à Condução                                                                         ,Colisão transversal                                                                                                                                                                                     ,Com Vítimas Feridas,Pleno dia           ,Decrescente         ,Céu Claro           ,Simples             ,Desvio Temporário             ,Sim       ,4,0,1,0,1,2,1,3,-5.52443116,-35.81990898,SR-RN               ,DEL15/2                       ,UOP01/RN                      
87268,2017-11-18,sábado,19:35:00,RN,101.0,"99,5",PARNAMIRIM                                                  ,Falta de Atenção à Condução                                                                         ,Colisão lateral                                                                                                                                                                                         ,Sem Vítimas,Plena Noite         ,Decrescente         ,Nublado             ,Dupla               ,Reta                          ,Sim       ,3,0,0,0,2,1,0,2,-5.87657116,-35.2225998,SR-RN               ,DEL15/1                       ,UOP01/RN                      
87301,2017-11-18,sábado,22:30:00,RN,101.0,"83,2",NATAL                                                       ,Falta de Atenção à Condução                                                                         ,Colisão traseira                                                                                                                                                                                        ,Com Vítimas Feridas,Plena Noite         ,Decrescente         ,Céu Claro           ,Dupla               ,Reta                          ,Sim       ,2,0,1,0,1,0,1,2,-5.77140233,-35.26513628,SR-RN               ,DEL15/2                       ,UOP01/RN                      
87428,2017-11-19,domingo,08:55:00,RN,101.0,94,NATAL                                                       ,Falta de Atenção à Condução                                                                         ,Colisão frontal                                                                                                                                                                                         ,Com Vítimas Feridas,Pleno dia           ,Crescente           ,Sol                 ,Dupla               ,Reta                          ,Sim       ,2,0,0,1,1,0,1,2,-5.83060595,-35.21182789,SR-RN               ,DEL15/1                       ,UOP01/RN                      
87500,2017-11-19,domingo,15:35:00,RN,304.0,"297,3",MACAIBA                                                     ,Velocidade Incompatível                                                                             ,Saída de leito carroçável                                                                                                                                                                               ,Com Vítimas Feridas,Pleno dia           ,Decrescente         ,Céu Claro           ,Dupla               ,Curva                         ,Não       ,2,0,2,0,0,0,2,1,-5.86462322,-35.34306586,SR-RN               ,DEL15/1                       ,UOP02/RN                      
87644,2017-11-19,domingo,22:15:00,RN,101.0,"100,1",PARNAMIRIM                                                  ,Ingestão de Álcool                                                                                  ,Colisão traseira                                                                                                                                                                                        ,Com Vítimas Feridas,Plena Noite         ,Decrescente         ,Vento               ,Múltipla            ,Desvio Temporário             ,Sim       ,2,0,1,0,1,0,1,2,-5.88125101,-35.22553682,SR-RN               ,DEL15/1                       ,UOP01/RN                      
87645,2017-11-19,domingo,20:30:00,RN,101.0,80,NATAL                                                       ,Falta de Atenção à Condução                                                                         ,Colisão com objeto estático                                                                                                                                                                             ,Sem Vítimas,Plena Noite         ,Decrescente         ,Céu Claro           ,Dupla               ,Reta                          ,Sim       ,2,0,0,0,1,1,0,1,-5.7559,-35.2886,SR-RN               ,DEL15/2                       ,UOP01/RN                      
87676,2017-11-20,segunda-feira,06:00:00,RN,304.0,48,MOSSORO                                                     ,Ingestão de Álcool                                                                                  ,Atropelamento de Pedestre                                                                                                                                                                               ,Com Vítimas Feridas,Pleno dia           ,Decrescente         ,Céu Claro           ,Simples             ,Reta                          ,Sim       ,6,0,0,1,5,0,1,1,-5.23692477,-37.31725467,SR-RN               ,DEL15/4                       ,UOP01/RN                      
87715,2017-11-20,segunda-feira,07:40:00,RN,110.0,"45,9",MOSSORO                                                     ,Falta de Atenção à Condução                                                                         ,Queda de ocupante de veículo                                                                                                                                                                            ,Com Vítimas Feridas,Pleno dia           ,Crescente           ,Céu Claro           ,Simples             ,Reta                          ,Sim       ,1,0,0,1,0,0,1,1,-5.19463985,-37.31403979,SR-RN               ,DEL15/4                       ,UOP01/RN                      
87723,2017-11-20,segunda-feira,08:30:00,RN,101.0,"98,2",NATAL                                                       ,Falta de Atenção à Condução                                                                         ,Colisão com objeto estático                                                                                                                                                                             ,Com Vítimas Feridas,Pleno dia           ,Crescente           ,Céu Claro           ,Dupla               ,Não Informado                 ,Sim       ,1,0,0,1,0,0,1,1,-5.86631484,-35.21703959,SR-RN               ,DEL15/1                       ,UOP01/RN                      
87901,2017-11-20,segunda-feira,19:25:00,RN,304.0,"246,9",RIACHUELO                                                   ,Desobediência às normas de trânsito pelo condutor                                                   ,Colisão lateral                                                                                                                                                                                         ,Com Vítimas Feridas,Plena Noite         ,Decrescente         ,Céu Claro           ,Simples             ,Reta                          ,Não       ,3,0,1,0,2,0,1,2,-5.825164,-35.782423,SR-RN               ,DEL15/1                       ,UOP02/RN                      
88096,2017-11-21,terça-feira,15:30:00,RN,101.0,"83,5",SAO GONCALO DO AMARANTE                                     ,Falta de Atenção à Condução                                                                         ,Colisão transversal                                                                                                                                                                                     ,Com Vítimas Feridas,Pleno dia           ,Crescente           ,Sol                 ,Dupla               ,Reta                          ,Não       ,2,0,1,0,1,0,1,2,-5.77114949,-35.26605135,SR-RN               ,DEL15/2                       ,UOP01/RN                      
88161,2017-11-16,quinta-feira,22:00:00,RN,304.0,"139,6",ANGICOS                                                     ,Ingestão de Álcool                                                                                  ,Colisão transversal                                                                                                                                                                                     ,Com Vítimas Feridas,Plena Noite         ,Crescente           ,Céu Claro           ,Simples             ,Reta                          ,Não       ,5,0,1,4,0,0,5,2,-5.66673995,-36.68016029,SR-RN               ,DEL15/4                       ,UOP01/RN                      
88646,2017-11-23,quinta-feira,19:30:00,RN,101.0,"121,5",SAO JOSE DE MIPIBU                                          ,Animais na Pista                                                                                    ,Atropelamento de Animal                                                                                                                                                                                 ,Com Vítimas Feridas,Plena Noite         ,Crescente           ,Céu Claro           ,Dupla               ,Reta                          ,Sim       ,1,0,0,1,0,0,1,1,-6.0349223,-35.24839193,SR-RN               ,DEL15/1                       ,UOP01/RN                      
88735,2017-11-24,sexta-feira,08:25:00,RN,226.0,"138,6",CAMPO REDONDO                                               ,Falta de Atenção à Condução                                                                         ,Capotamento                                                                                                                                                                                             ,Com Vítimas Feridas,Pleno dia           ,Decrescente         ,Céu Claro           ,Simples             ,Reta                          ,Sim       ,2,0,1,0,1,0,1,2,-6.19358985,-36.2106619,SR-RN               ,DEL15/3                       ,UOP02/RN                      