id,data_inversa,dia_semana,horario,uf,br,km,municipio,causa_acidente,tipo_acidente,classificacao_acidente,fase_dia,sentido_via,condicao_metereologica,tipo_pista,tracado_via,uso_solo,pessoas,mortos,feridos_leves,feridos_graves,ilesos,ignorados,feridos,veiculos,latitude,longitude,regional,delegacia,uop
88747,2017-11-24,sexta-feira,09:15:00,RN,101.0,116,SAO JOSE DE MIPIBU                                          ,Falta de Atenção à Condução                                                                         ,Colisão traseira                                                                                                                                                                                        ,Com Vítimas Feridas,Pleno dia           ,Decrescente         ,Sol                 ,Dupla               ,Reta                          ,Não       ,2,0,1,0,1,0,1,2,-5.9992339999999995,-35.260391,SR-RN               ,DEL15/1                       ,UOP01/RN                      
88818,2017-11-24,sexta-feira,16:15:00,RN,405.0,0,MOSSORO                                                     ,Falta de Atenção à Condução                                                                         ,Colisão traseira                                                                                                                                                                                        ,Com Vítimas Feridas,Pleno dia           ,Decrescente         ,Céu Claro           ,Dupla               ,Retorno Regulamentado         ,Sim       ,2,0,1,0,1,0,1,2,-5.1912,-37.3524,SR-RN               ,DEL15/4                       ,UOP02/RN                      
88941,2017-11-25,sábado,02:00:00,RN,406.0,"169,7",SAO GONCALO DO AMARANTE                                     ,Ingestão de Álcool                                                                                  ,Tombamento                                                                                                                                                                                              ,Com Vítimas Feridas,Plena Noite         ,Crescente           ,Céu Claro           ,Dupla               ,Reta                          ,Sim       ,1,0,1,0,0,0,1,1,-5.7620837,-35.29036582,SR-RN               ,DEL15/2                       ,UOP01/RN                      
88984,2017-11-25,sábado,04:30:00,RN,406.0,95,JOAO CAMARA                                                 ,Animais na Pista                                                                                    ,Tombamento                                                                                                                                                                                              ,Sem Vítimas,Amanhecer           ,Crescente           ,Céu Claro           ,Simples             ,Reta                          ,Não       ,1,0,0,0,1,0,0,1,-5.51444621,-35.84880173,SR-RN               ,DEL15/2                       ,UOP01/RN                      
89024,2017-11-25,sábado,08:00:00,RN,101.0,103,PARNAMIRIM                                                  ,Não guardar distância de segurança                                                                  ,Colisão lateral                                                                                                                                                                                         ,Sem Vítimas,Pleno dia           ,Decrescente         ,Céu Claro           ,Dupla               ,Viaduto                       ,Sim       ,2,0,0,0,1,1,0,1,-5.891228599999999,-35.25334312,SR-RN               ,DEL15/1                       ,UOP01/RN                      
89137,2017-11-25,sábado,18:10:00,RN,101.0,95,NATAL                                                       ,Falta de Atenção à Condução                                                                         ,Colisão lateral                                                                                                                                                                                         ,Sem Vítimas,Anoitecer           ,Decrescente         ,Céu Claro           ,Múltipla            ,Interseção de vias            ,Sim       ,2,0,0,0,2,0,0,2,-5.8395,-35.211,SR-RN               ,DEL15/1                       ,UOP01/RN                      
89182,2017-11-25,sábado,18:30:00,RN,304.0,282,MACAIBA                                                     ,Falta de Atenção à Condução                                                                         ,Colisão traseira                                                                                                                                                                                        ,Sem Vítimas,Plena Noite         ,Crescente           ,Céu Claro           ,Simples             ,Reta                          ,Não       ,3,0,0,0,2,1,0,2,-5.8865338,-35.47963025,SR-RN               ,DEL15/1                       ,UOP02/RN                      
89313,2017-11-21,terça-feira,07:45:00,RN,101.0,"173,3",CANGUARETAMA                                                ,Avarias e/ou desgaste excessivo no pneu                                                             ,Capotamento                                                                                                                                                                                             ,Com Vítimas Feridas,Pleno dia           ,Decrescente         ,Sol                 ,Dupla               ,Reta                          ,Não       ,1,0,1,0,0,0,1,1,-6.501429,-35.112061,SR-RN               ,DEL15/1                       ,UOP01/RN                      
89374,2017-11-26,domingo,13:20:00,RN,101.0,66,EXTREMOZ                                                    ,Falta de Atenção à Condução                                                                         ,Colisão transversal                                                                                                                                                                                     ,Com Vítimas Feridas,Pleno dia           ,Decrescente         ,Céu Claro           ,Simples             ,Não Informado                 ,Não       ,3,0,2,0,1,0,2,2,-5.6486,-35.2506,SR-RN               ,DEL15/2                       ,UOP01/RN                      
89518,2017-11-27,segunda-feira,00:15:00,RN,406.0,133,TAIPU                                                       ,Ingestão de Álcool                                                                                  ,Colisão frontal                                                                                                                                                                                         ,Com Vítimas Fatais,Plena Noite         ,Crescente           ,Céu Claro           ,Simples             ,Reta                          ,Não       ,2,1,0,1,0,0,1,2,-5.6454,-35.5837,SR-RN               ,DEL15/2                       ,UOP01/RN                      
89651,2017-11-27,segunda-feira,11:25:00,RN,101.0,"155,6",CANGUARETAMA                                                ,Falta de Atenção à Condução                                                                         ,Capotamento                                                                                                                                                                                             ,Com Vítimas Feridas,Pleno dia           ,Decrescente         ,Sol                 ,Dupla               ,Reta                          ,Não       ,1,0,1,0,0,0,1,1,-6.32526903,-35.17872959,SR-RN               ,DEL15/1                       ,UOP01/RN                      
89854,2017-11-28,terça-feira,11:30:00,RN,304.0,306,PARNAMIRIM                                                  ,Falta de Atenção à Condução                                                                         ,Colisão transversal                                                                                                                                                                                     ,Sem Vítimas,Pleno dia           ,Crescente           ,Céu Claro           ,Dupla               ,Reta                          ,Sim       ,2,0,0,0,2,0,0,2,-5.889678,-35.265627,SR-RN               ,DEL15/1                       ,UOP02/RN                      
89963,2017-10-14,sábado,04:55:00,RN,304.0,282,MACAIBA                                                     ,Falta de Atenção à Condução                                                                         ,Colisão transversal                                                                                                                                                                                     ,Com Vítimas Feridas,Amanhecer           ,Decrescente         ,Céu Claro           ,Simples             ,Interseção de vias            ,Não       ,7,0,2,0,5,0,2,2,-5.88944732,-35.49099505,SR-RN               ,DEL15/1                       ,UOP02/RN                      
90065,2017-11-29,quarta-feira,09:35:00,RN,304.0,"298,3",MACAIBA                                                     ,Animais na Pista                                                                                    ,Atropelamento de Animal                                                                                                                                                                                 ,Sem Vítimas,Pleno dia           ,Decrescente         ,Céu Claro           ,Dupla               ,Desvio Temporário             ,Sim       ,1,0,0,0,1,0,0,1,-5.86760969,-35.33386102,SR-RN               ,DEL15/1                       ,UOP02/RN                      
90097,2017-11-29,quarta-feira,12:00:00,RN,427.0,"109,7",CAICO                                                       ,Defeito Mecânico no Veículo                                                                         ,Tombamento                                                                                                                                                                                              ,Com Vítimas Feridas,Pleno dia           ,Crescente           ,Céu Claro           ,Simples             ,Reta                          ,Não       ,2,0,2,0,0,0,2,1,-6.4414801,-37.17582945,SR-RN               ,DEL15/3                       ,UOP01/RN                      
90138,2017-11-29,quarta-feira,15:20:00,RN,427.0,"102,4",CAICO                                                       ,Ingestão de Álcool                                                                                  ,Colisão lateral                                                                                                                                                                                         ,Sem Vítimas,Pleno dia           ,Crescente           ,Sol                 ,Simples             ,Curva                         ,Sim       ,2,0,0,0,2,0,0,2,-6.460861,-37.112163,SR-RN               ,DEL15/3                       ,UOP01/RN                      
90276,2017-11-30,quinta-feira,07:30:00,RN,101.0,106,PARNAMIRIM                                                  ,Velocidade Incompatível                                                                             ,Colisão traseira                                                                                                                                                                                        ,Com Vítimas Feridas,Pleno dia           ,Decrescente         ,Nublado             ,Dupla               ,Reta                          ,Sim       ,2,0,1,0,1,0,1,2,-5.91294169,-35.26184052,SR-RN               ,DEL15/1                       ,UOP01/RN                      
90301,2017-11-30,quinta-feira,09:20:00,RN,304.0,"42,8",MOSSORO                                                     ,Falta de Atenção à Condução                                                                         ,Colisão lateral                                                                                                                                                                                         ,Com Vítimas Feridas,Pleno dia           ,Decrescente         ,Sol                 ,Dupla               ,Reta                          ,Não       ,2,0,0,1,1,0,1,2,-5.21716499,-37.36642223,SR-RN               ,DEL15/4                       ,UOP01/RN                      
90302,2017-11-30,quinta-feira,09:20:00,RN,101.0,99,NATAL                                                       ,Não guardar distância de segurança                                                                  ,Colisão traseira                                                                                                                                                                                        ,Sem Vítimas,Pleno dia           ,Decrescente         ,Céu Claro           ,Dupla               ,Reta                          ,Sim       ,2,0,0,0,2,0,0,2,-5.87365,-35.220673,SR-RN               ,DEL15/1                       ,UOP01/RN                      
90354,2017-11-30,quinta-feira,11:20:00,RN,304.0,"74,4",MOSSORO                                                     ,Defeito Mecânico no Veículo                                                                         ,Saída de leito carroçável                                                                                                                                                                               ,Sem Vítimas,Pleno dia           ,Crescente           ,Sol                 ,Simples             ,Reta                          ,Não       ,1,0,0,0,1,0,0,1,-5.43321747,-37.20102633,SR-RN               ,DEL15/4                       ,UOP01/RN                      
90388,2017-11-30,quinta-feira,15:10:00,RN,101.0,"85,5",NATAL                                                       ,Falta de Atenção à Condução                                                                         ,Colisão traseira                                                                                                                                                                                        ,Sem Vítimas,Pleno dia           ,Decrescente         ,Céu Claro           ,Dupla               ,Reta                          ,Sim       ,2,0,0,0,2,0,0,2,-5.78196272,-35.24748959,SR-RN               ,DEL15/2                       ,UOP01/RN                      
90408,2017-11-30,quinta-feira,18:00:00,RN,406.0,"102,6",JOAO CAMARA                                                 ,Falta de Atenção à Condução                                                                         ,Colisão transversal                                                                                                                                                                                     ,Com Vítimas Fatais,Plena Noite         ,Decrescente         ,Céu Claro           ,Simples             ,Reta                          ,Sim       ,2,1,0,0,1,0,0,2,-5.53329467,-35.81611633,SR-RN               ,DEL15/2                       ,UOP01/RN                      
90410,2017-11-30,quinta-feira,18:10:00,RN,304.0,"295,9",MACAIBA                                                     ,Falta de Atenção à Condução                                                                         ,Colisão transversal                                                                                                                                                                                     ,Com Vítimas Feridas,Plena Noite         ,Decrescente         ,Céu Claro           ,Simples             ,Reta                          ,Não       ,2,0,2,0,0,0,2,2,-5.8662160000000005,-35.359505,SR-RN               ,DEL15/1                       ,UOP02/RN                      
90455,2017-11-30,quinta-feira,22:00:00,RN,101.0,116,SAO JOSE DE MIPIBU                                          ,Velocidade Incompatível                                                                             ,Colisão com objeto estático                                                                                                                                                                             ,Com Vítimas Feridas,Plena Noite         ,Decrescente         ,Céu Claro           ,Dupla               ,Reta                          ,Não       ,1,0,1,0,0,0,1,1,-5.9992339999999995,-35.260391,SR-RN               ,DEL15/1                       ,UOP01/RN                      
90504,2017-12-01,sexta-feira,05:25:00,RN,101.0,102,PARNAMIRIM                                                  ,Ingestão de Álcool                                                                                  ,Colisão traseira                                                                                                                                                                                        ,Com Vítimas Feridas,Pleno dia           ,Crescente           ,Chuva               ,Múltipla            ,Reta                          ,Sim       ,2,0,1,0,1,0,1,2,-5.88861,-35.24033,SR-RN               ,DEL15/1                       ,UOP01/RN                      
90568,2017-12-01,sexta-feira,06:30:00,RN,101.0,"155,7",GOIANINHA                                                   ,Objeto estático sobre o leito carroçável                                                            ,Capotamento                                                                                                                                                                                             ,Com Vítimas Feridas,Pleno dia           ,Crescente           ,Céu Claro           ,Dupla               ,Reta                          ,Não       ,1,0,1,0,0,0,1,1,-6.33802273,-35.1714414,SR-RN               ,DEL15/1                       ,UOP01/RN                      
90797,2017-12-01,sexta-feira,22:08:00,RN,110.0,48,MOSSORO                                                     ,Ingestão de Álcool                                                                                  ,Colisão traseira                                                                                                                                                                                        ,Com Vítimas Feridas,Plena Noite         ,Crescente           ,Céu Claro           ,Dupla               ,Rotatória                     ,Sim       ,4,0,0,1,3,0,1,2,-5.21228887,-37.33196391,SR-RN               ,DEL15/4                       ,UOP01/RN                      
90804,2017-12-01,sexta-feira,22:30:00,RN,110.0,49,MOSSORO                                                     ,Falta de Atenção à Condução                                                                         ,Colisão lateral                                                                                                                                                                                         ,Com Vítimas Feridas,Plena Noite         ,Crescente           ,Céu Claro           ,Dupla               ,Interseção de vias            ,Sim       ,3,0,0,2,1,0,2,2,-5.21646,-37.329269000000004,SR-RN               ,DEL15/4                       ,UOP01/RN                      
90867,2017-12-02,sábado,05:10:00,RN,226.0,"113,8",SANTA CRUZ                                                  ,Condutor Dormindo                                                                                   ,Capotamento                                                                                                                                                                                             ,Com Vítimas Feridas,Amanhecer           ,Decrescente         ,Nublado             ,Simples             ,Curva                         ,Não       ,3,0,2,0,1,0,2,1,-6.207546400000001,-36.022008899999996,SR-RN               ,DEL15/3                       ,UOP02/RN                      
90936,2017-12-02,sábado,10:10:00,RN,304.0,"118,2",ITAJA                                                       ,Mal Súbito                                                                                          ,Tombamento                                                                                                                                                                                              ,Com Vítimas Feridas,Pleno dia           ,Decrescente         ,Céu Claro           ,Simples             ,Não Informado                 ,Não       ,1,0,1,0,0,0,1,1,-5.62817823,-36.86776489,SR-RN               ,DEL15/4                       ,UOP01/RN                      
90975,2017-12-02,sábado,12:50:00,RN,101.0,106,PARNAMIRIM                                                  ,Falta de Atenção à Condução                                                                         ,Colisão lateral                                                                                                                                                                                         ,Sem Vítimas,Pleno dia           ,Crescente           ,Céu Claro           ,Dupla               ,Reta                          ,Não       ,2,0,0,0,1,1,0,2,-5.910553,-35.261307,SR-RN               ,DEL15/1                       ,UOP01/RN                      
90987,2017-12-02,sábado,11:20:00,RN,101.0,96,NATAL                                                       ,Falta de Atenção à Condução                                                                         ,Colisão lateral                                                                                                                                                                                         ,Com Vítimas Feridas,Pleno dia           ,Crescente           ,Nublado             ,Múltipla            ,Não Informado                 ,Sim       ,3,0,2,0,0,1,2,2,-5.8459650000000005,-35.208548,SR-RN               ,DEL15/1                       ,UOP01/RN                      
91015,2017-12-02,sábado,16:00:00,RN,101.0,"99,3",PARNAMIRIM                                                  ,Não guardar distância de segurança                                                                  ,Colisão traseira                                                                                                                                                                                        ,Com Vítimas Feridas,Pleno dia           ,Decrescente         ,Nublado             ,Simples             ,Reta                          ,Sim       ,4,0,0,1,3,0,1,4,-5.876056,-35.222116,SR-RN               ,DEL15/1                       ,UOP01/RN                      
91115,2017-12-02,sábado,21:20:00,RN,101.0,76,EXTREMOZ                                                    ,Avarias e/ou desgaste excessivo no pneu                                                             ,Queda de ocupante de veículo                                                                                                                                                                            ,Com Vítimas Feridas,Plena Noite         ,Crescente           ,Céu Claro           ,Dupla               ,Reta                          ,Não       ,1,0,1,0,0,0,1,1,-5.72665409,-35.286377,SR-RN               ,DEL15/2                       ,UOP01/RN                      
91198,2017-12-03,domingo,06:30:00,RN,226.0,"260,5",TRIUNFO POTIGUAR                                            ,Condutor Dormindo                                                                                   ,Capotamento                                                                                                                                                                                             ,Sem Vítimas,Pleno dia           ,Crescente           ,Ignorado            ,Simples             ,Reta                          ,Não       ,3,0,0,0,3,0,0,1,-5.8673544,-37.188915,SR-RN               ,DEL15/3                       ,UOP01/RN                      
91212,2017-12-03,domingo,07:50:00,RN,427.0,"26,7",ACARI                                                       ,Desobediência às normas de trânsito pelo condutor                                                   ,Colisão transversal                                                                                                                                                                                     ,Com Vítimas Feridas,Pleno dia           ,Crescente           ,Céu Claro           ,Simples             ,Reta                          ,Sim       ,2,0,0,1,1,0,1,2,-6.42656786,-36.64039403,SR-RN               ,DEL15/3                       ,UOP02/RN                      
91311,2017-12-03,domingo,16:30:00,RN,101.0,"98,5",NATAL                                                       ,Não guardar distância de segurança                                                                  ,Colisão traseira                                                                                                                                                                                        ,Sem Vítimas,Pleno dia           ,Decrescente         ,Céu Claro           ,Dupla               ,Reta                          ,Sim       ,2,0,0,0,0,2,0,2,-5.86978301,-35.21843879,SR-RN               ,DEL15/1                       ,UOP01/RN                      
91323,2017-12-03,domingo,17:30:00,RN,101.0,107,PARNAMIRIM                                                  ,Não guardar distância de segurança                                                                  ,Engavetamento                                                                                                                                                                                           ,Sem Vítimas,Plena Noite         ,Crescente           ,Céu Claro           ,Dupla               ,Reta                          ,Sim       ,3,0,0,0,3,0,0,3,-5.91517742,-35.26245743,SR-RN               ,DEL15/1                       ,UOP01/RN                      
91337,2017-12-03,domingo,16:00:00,RN,226.0,339,PATU                                                        ,Mal Súbito                                                                                          ,Colisão lateral                                                                                                                                                                                         ,Com Vítimas Feridas,Pleno dia           ,Crescente           ,Céu Claro           ,Simples             ,Reta                          ,Sim       ,2,0,1,0,1,0,1,2,-6.110411599999999,-37.636974,SR-RN               ,DEL15/4                       ,UOP01/RN                      
91385,2017-12-03,domingo,20:15:00,RN,406.0,"69,2",SAO GONCALO DO AMARANTE                                     ,Ingestão de Álcool                                                                                  ,Capotamento                                                                                                                                                                                             ,Com Vítimas Feridas,Pleno dia           ,Decrescente         ,Céu Claro           ,Dupla               ,Reta                          ,Não       ,1,0,1,0,0,0,1,1,-5.7544504000000005,-35.31009078,SR-RN               ,DEL15/2                       ,UOP01/RN                      
91556,2017-12-04,segunda-feira,11:22:00,RN,101.0,"82,1",SAO GONCALO DO AMARANTE                                     ,Falta de Atenção do Pedestre                                                                        ,Atropelamento de Pedestre                                                                                                                                                                               ,Com Vítimas Feridas,Pleno dia           ,Crescente           ,Céu Claro           ,Dupla               ,Reta                          ,Sim       ,2,0,1,0,1,0,1,1,-5.76795143,-35.27481705,SR-RN               ,DEL15/2                       ,UOP01/RN                      
91599,2017-12-04,segunda-feira,14:00:00,RN,304.0,"29,2",MOSSORO                                                     ,Falta de Atenção à Condução                                                                         ,Colisão transversal                                                                                                                                                                                     ,Com Vítimas Feridas,Pleno dia           ,Decrescente         ,Céu Claro           ,Simples             ,Reta                          ,Sim       ,2,0,2,0,0,0,2,2,-5.11001507,-37.33944305,SR-RN               ,DEL15/4                       ,UOP02/RN                      
91642,2017-12-03,domingo,05:10:00,RN,427.0,"97,1",CAICO                                                       ,Falta de Atenção à Condução                                                                         ,Colisão traseira                                                                                                                                                                                        ,Com Vítimas Feridas,Amanhecer           ,Decrescente         ,Céu Claro           ,Simples             ,Curva                         ,Sim       ,3,0,1,0,1,1,1,3,-6.47280965,-37.07559317,SR-RN               ,DEL15/3                       ,UOP01/RN                      
91646,2017-12-04,segunda-feira,17:00:00,RN,427.0,"49,9",JARDIM DO SERIDO                                            ,Defeito na Via                                                                                      ,Colisão lateral                                                                                                                                                                                         ,Com Vítimas Feridas,Pleno dia           ,Decrescente         ,Céu Claro           ,Simples             ,Reta                          ,Não       ,3,0,2,0,1,0,2,2,-6.56217354,-36.73886505,SR-RN               ,DEL15/3                       ,UOP01/RN                      
91754,2017-12-05,terça-feira,05:45:00,RN,101.0,78,EXTREMOZ                                                    ,Falta de Atenção à Condução                                                                         ,Colisão traseira                                                                                                                                                                                        ,Com Vítimas Feridas,Amanhecer           ,Crescente           ,Céu Claro           ,Dupla               ,Interseção de vias            ,Não       ,2,0,0,1,1,0,1,2,-5.75885525,-35.29845014,SR-RN               ,DEL15/2                       ,UOP01/RN                      
91998,2017-12-06,quarta-feira,06:45:00,RN,101.0,"109,4",PARNAMIRIM                                                  ,Falta de Atenção à Condução                                                                         ,Colisão lateral                                                                                                                                                                                         ,Com Vítimas Feridas,Pleno dia           ,Decrescente         ,Céu Claro           ,Dupla               ,Reta                          ,Sim       ,3,0,1,0,2,0,1,2,-5.93624831,-35.26449323,SR-RN               ,DEL15/1                       ,UOP01/RN                      
92002,2017-12-06,quarta-feira,08:10:00,RN,101.0,"112,6",SAO JOSE DE MIPIBU                                          ,Falta de Atenção à Condução                                                                         ,Colisão transversal                                                                                                                                                                                     ,Com Vítimas Feridas,Pleno dia           ,Decrescente         ,Céu Claro           ,Dupla               ,Retorno Regulamentado         ,Não       ,2,0,1,0,1,0,1,2,-5.94446515,-35.26465684,SR-RN               ,DEL15/1                       ,UOP01/RN                      
92026,2017-12-06,quarta-feira,09:05:00,RN,406.0,151,CEARA-MIRIM                                                 ,Falta de Atenção à Condução                                                                         ,Colisão transversal                                                                                                                                                                                     ,Sem Vítimas,Pleno dia           ,Crescente           ,Céu Claro           ,Simples             ,Interseção de vias            ,Sim       ,2,0,0,0,2,0,0,2,-5.65562607,-35.41744056,SR-RN               ,DEL15/2                       ,UOP01/RN                      
92039,2017-12-06,quarta-feira,09:30:00,RN,226.0,"90,3",TANGARA                                                     ,Falta de Atenção à Condução                                                                         ,Capotamento                                                                                                                                                                                             ,Sem Vítimas,Pleno dia           ,Crescente           ,Céu Claro           ,Simples             ,Reta                          ,Não       ,1,0,0,0,1,0,0,1,-6.2381194,-35.8463341,SR-RN               ,DEL15/3                       ,UOP02/RN                      
92082,2017-12-06,quarta-feira,13:30:00,RN,110.0,"46,2",MOSSORO                                                     ,Falta de Atenção do Pedestre                                                                        ,Atropelamento de Pedestre                                                                                                                                                                               ,Com Vítimas Feridas,Pleno dia           ,Decrescente         ,Céu Claro           ,Simples             ,Reta                          ,Sim       ,2,0,0,1,0,1,1,1,-5.18804,-37.3441,SR-RN               ,DEL15/4                       ,UOP01/RN                      
92168,2017-12-06,quarta-feira,18:45:00,RN,304.0,265,SAO PEDRO                                                   ,Falta de Atenção do Pedestre                                                                        ,Atropelamento de Pedestre                                                                                                                                                                               ,Com Vítimas Fatais,Plena Noite         ,Decrescente         ,Céu Claro           ,Simples             ,Reta                          ,Sim       ,2,1,0,0,1,0,0,1,-5.857031,-35.628642,SR-RN               ,DEL15/1                       ,UOP02/RN                      
92176,2017-12-06,quarta-feira,19:15:00,RN,101.0,"94,3",NATAL                                                       ,Não guardar distância de segurança                                                                  ,Colisão traseira                                                                                                                                                                                        ,Com Vítimas Feridas,Plena Noite         ,Crescente           ,Céu Claro           ,Múltipla            ,Reta                          ,Sim       ,2,0,1,0,1,0,1,2,-5.83452037,-35.21212096,SR-RN               ,DEL15/1                       ,UOP01/RN                      
92200,2017-12-06,quarta-feira,22:50:00,RN,101.0,"108,6",PARNAMIRIM                                                  ,Falta de Atenção à Condução                                                                         ,Colisão lateral                                                                                                                                                                                         ,Sem Vítimas,Plena Noite         ,Crescente           ,Céu Claro           ,Múltipla            ,Reta                          ,Não       ,2,0,0,0,1,1,0,2,-5.93371313,-35.264843,SR-RN               ,DEL15/1                       ,UOP01/RN                      
92281,2017-12-07,quinta-feira,08:30:00,RN,304.0,"277,4",MACAIBA                                                     ,Não guardar distância de segurança                                                                  ,Colisão traseira                                                                                                                                                                                        ,Com Vítimas Feridas,Pleno dia           ,Decrescente         ,Céu Claro           ,Simples             ,Reta                          ,Não       ,2,0,1,0,1,0,1,2,-5.8847879999999995,-35.513754,SR-RN               ,DEL15/1                       ,UOP02/RN                      
92292,2017-12-07,quinta-feira,10:00:00,RN,304.0,"286,1",MACAIBA                                                     ,Ultrapassagem Indevida                                                                              ,Colisão lateral                                                                                                                                                                                         ,Com Vítimas Fatais,Pleno dia           ,Decrescente         ,Céu Claro           ,Simples             ,Reta                          ,Não       ,5,1,0,2,2,0,2,3,-5.876155000000001,-35.445532,SR-RN               ,DEL15/1                       ,UOP02/RN                      
92319,2017-12-07,quinta-feira,11:40:00,RN,101.0,176,CANGUARETAMA                                                ,Velocidade Incompatível                                                                             ,Saída de leito carroçável                                                                                                                                                                               ,Com Vítimas Feridas,Pleno dia           ,Decrescente         ,Céu Claro           ,Dupla               ,Curva                         ,Não       ,2,0,1,1,0,0,2,1,-6.501665,-35.112003,SR-RN               ,DEL15/1                       ,UOP01/RN                      
92436,2017-12-07,quinta-feira,19:50:00,RN,101.0,"134,5",ARES                                                        ,Velocidade Incompatível                                                                             ,Colisão traseira                                                                                                                                                                                        ,Sem Vítimas,Plena Noite         ,Decrescente         ,Ignorado            ,Dupla               ,Não Informado                 ,Não       ,2,0,0,0,2,0,0,2,-6.16014102,-35.22601474,SR-RN               ,DEL15/1                       ,UOP01/RN                      
92441,2017-12-07,quinta-feira,19:10:00,RN,226.0,"67,6",SERRA CAIADA                                                ,Animais na Pista                                                                                    ,Atropelamento de Animal                                                                                                                                                                                 ,Com Vítimas Feridas,Plena Noite         ,Crescente           ,Céu Claro           ,Simples             ,Reta                          ,Não       ,1,0,1,0,0,0,1,1,-6.099912000000001,-35.701052000000004,SR-RN               ,DEL15/1                       ,UOP02/RN                      
92479,2017-12-08,sexta-feira,02:00:00,RN,101.0,"108,7",PARNAMIRIM                                                  ,Falta de Atenção à Condução                                                                         ,Queda de ocupante de veículo                                                                                                                                                                            ,Com Vítimas Feridas,Plena Noite         ,Crescente           ,Céu Claro           ,Dupla               ,Não Informado                 ,Sim       ,1,0,0,1,0,0,1,1,-5.93462929,-35.264835,SR-RN               ,DEL15/1                       ,UOP01/RN                      
92794,2017-12-09,sábado,00:38:00,RN,304.0,"101,1",ACU                                                         ,Não guardar distância de segurança                                                                  ,Colisão traseira                                                                                                                                                                                        ,Com Vítimas Feridas,Plena Noite         ,Crescente           ,Céu Claro           ,Simples             ,Reta                          ,Não       ,2,0,0,1,1,0,1,2,-5.57878478,-37.02256322,SR-RN               ,DEL15/4                       ,UOP01/RN                      
92799,2017-12-09,sábado,01:00:00,RN,101.0,104,PARNAMIRIM                                                  ,Ingestão de Álcool                                                                                  ,Colisão traseira                                                                                                                                                                                        ,Com Vítimas Feridas,Plena Noite         ,Decrescente         ,Céu Claro           ,Dupla               ,Desvio Temporário             ,Sim       ,2,0,1,0,1,0,1,2,-5.892745,-35.257225,SR-RN               ,DEL15/1                       ,UOP01/RN                      
92848,2017-12-09,sábado,04:30:00,RN,101.0,"60,2",CEARA-MIRIM                                                 ,Ingestão de Álcool                                                                                  ,Danos eventuais                                                                                                                                                                                         ,Com Vítimas Fatais,Amanhecer           ,Crescente           ,Céu Claro           ,Simples             ,Reta                          ,Não       ,1,1,0,0,0,0,0,1,-5.60245703,-35.26345503,SR-RN               ,DEL15/2                       ,UOP01/RN                      
92851,2017-12-08,sexta-feira,23:00:00,RN,101.0,105,PARNAMIRIM                                                  ,Condutor Dormindo                                                                                   ,Colisão com objeto estático                                                                                                                                                                             ,Com Vítimas Feridas,Plena Noite         ,Crescente           ,Céu Claro           ,Dupla               ,Reta                          ,Sim       ,1,0,0,1,0,0,1,1,-5.901648000000001,-35.259281,SR-RN               ,DEL15/1                       ,UOP01/RN                      
92955,2017-07-14,sexta-feira,11:00:00,RN,110.0,5,AREIA BRANCA                                                ,Falta de Atenção à Condução                                                                         ,Queda de ocupante de veículo                                                                                                                                                                            ,Com Vítimas Feridas,Pleno dia           ,Decrescente         ,Ignorado            ,Simples             ,Reta                          ,Não       ,2,0,1,1,0,0,2,1,-4.9483,-37.0966,SR-RN               ,DEL15/4                       ,UOP01/RN                      
93017,2017-12-09,sábado,16:20:00,RN,405.0,"153,8",PAU DOS FERROS                                              ,Falta de Atenção à Condução                                                                         ,Colisão lateral                                                                                                                                                                                         ,Com Vítimas Feridas,Pleno dia           ,Crescente           ,Céu Claro           ,Simples             ,Reta                          ,Sim       ,2,0,0,1,1,0,1,2,-6.13940168,-38.20496159,SR-RN               ,DEL15/4                       ,UOP02/RN                      
93054,2017-12-09,sábado,18:50:00,RN,226.0,"154,3",CURRAIS NOVOS                                               ,Avarias e/ou desgaste excessivo no pneu                                                             ,Capotamento                                                                                                                                                                                             ,Com Vítimas Feridas,Pleno dia           ,Decrescente         ,Céu Claro           ,Simples             ,Curva                         ,Não       ,1,0,1,0,0,0,1,1,-6.18812872,-36.23587668,SR-RN               ,DEL15/3                       ,UOP02/RN                      