id,data_inversa,dia_semana,horario,uf,br,km,municipio,causa_acidente,tipo_acidente,classificacao_acidente,fase_dia,sentido_via,condicao_metereologica,tipo_pista,tracado_via,uso_solo,pessoas,mortos,feridos_leves,feridos_graves,ilesos,ignorados,feridos,veiculos,latitude,longitude,regional,delegacia,uop
93078,2017-12-09,sábado,19:30:00,RN,226.0,"48,7",BOM JESUS                                                   ,Falta de Atenção à Condução                                                                         ,Colisão frontal                                                                                                                                                                                         ,Com Vítimas Feridas,Plena Noite         ,Decrescente         ,Céu Claro           ,Simples             ,Reta                          ,Sim       ,6,0,1,0,4,1,1,2,-5.98806872,-35.58995832,SR-RN               ,DEL15/1                       ,UOP02/RN                      
93105,2017-12-09,sábado,22:20:00,RN,101.0,"146,1",GOIANINHA                                                   ,Ingestão de Álcool                                                                                  ,Atropelamento de Animal                                                                                                                                                                                 ,Com Vítimas Fatais,Plena Noite         ,Crescente           ,Ignorado            ,Dupla               ,Curva                         ,Sim       ,2,1,0,1,0,0,1,1,-6.26345664,-35.2111635,SR-RN               ,DEL15/1                       ,UOP01/RN                      
93164,2017-12-10,domingo,02:00:00,RN,101.0,"132,7",SAO JOSE DE MIPIBU                                          ,Condutor Dormindo                                                                                   ,Colisão traseira                                                                                                                                                                                        ,Com Vítimas Feridas,Plena Noite         ,Crescente           ,Céu Claro           ,Dupla               ,Reta                          ,Não       ,2,0,1,0,1,0,1,2,-6.14385091,-35.2274722,SR-RN               ,DEL15/1                       ,UOP01/RN                      
93183,2017-12-10,domingo,04:50:00,RN,101.0,"126,6",SAO JOSE DE MIPIBU                                          ,Ingestão de Álcool                                                                                  ,Atropelamento de Pedestre                                                                                                                                                                               ,Com Vítimas Fatais,Amanhecer           ,Crescente           ,Céu Claro           ,Dupla               ,Reta                          ,Não       ,2,1,0,0,0,1,0,1,-6.08280641,-35.23427071,SR-RN               ,DEL15/1                       ,UOP01/RN                      
93211,2017-09-26,terça-feira,02:40:00,RN,304.0,"34,3",MOSSORO                                                     ,Animais na Pista                                                                                    ,Atropelamento de Animal                                                                                                                                                                                 ,Sem Vítimas,Plena Noite         ,Decrescente         ,Céu Claro           ,Dupla               ,Viaduto                       ,Sim       ,1,0,0,0,1,0,0,1,-5.16444748,-37.35124111,SR-RN               ,DEL15/4                       ,UOP02/RN                      
93217,2017-12-10,domingo,08:15:00,RN,101.0,"100,8",NATAL                                                       ,Não guardar distância de segurança                                                                  ,Colisão lateral                                                                                                                                                                                         ,Com Vítimas Feridas,Pleno dia           ,Crescente           ,Céu Claro           ,Dupla               ,Interseção de vias            ,Sim       ,2,0,1,0,1,0,1,2,-5.88444895,-35.22726478,SR-RN               ,DEL15/1                       ,UOP01/RN                      
93220,2017-12-10,domingo,05:30:00,RN,304.0,162,FERNANDO PEDROZA                                            ,Ingestão de Álcool                                                                                  ,Capotamento                                                                                                                                                                                             ,Com Vítimas Fatais,Pleno dia           ,Crescente           ,Céu Claro           ,Simples             ,Curva                         ,Não       ,3,2,0,1,0,0,1,1,-5.697632,-36.53141,SR-RN               ,DEL15/1                       ,UOP03/RN                      
93394,2017-12-10,domingo,20:15:00,RN,406.0,"168,8",SAO GONCALO DO AMARANTE                                     ,Falta de Atenção do Pedestre                                                                        ,Atropelamento de Pedestre                                                                                                                                                                               ,Com Vítimas Feridas,Plena Noite         ,Crescente           ,Céu Claro           ,Dupla               ,Reta                          ,Sim       ,2,0,0,1,0,1,1,1,-5.75408778,-35.311892,SR-RN               ,DEL15/2                       ,UOP01/RN                      
93486,2017-12-11,segunda-feira,06:20:00,RN,406.0,"55,8",JANDAIRA                                                    ,Condutor Dormindo                                                                                   ,Colisão frontal                                                                                                                                                                                         ,Com Vítimas Fatais,Amanhecer           ,Crescente           ,Céu Claro           ,Simples             ,Reta                          ,Não       ,7,1,0,5,1,0,5,2,-5.35701,-36.1255,SR-RN               ,DEL15/2                       ,UOP01/RN                      
93514,2017-12-11,segunda-feira,07:35:00,RN,101.0,108,PARNAMIRIM                                                  ,Ultrapassagem Indevida                                                                              ,Colisão lateral                                                                                                                                                                                         ,Com Vítimas Feridas,Pleno dia           ,Decrescente         ,Céu Claro           ,Dupla               ,Reta                          ,Sim       ,3,0,1,0,1,1,1,2,-5.92823,-35.264656,SR-RN               ,DEL15/1                       ,UOP01/RN                      
93518,2017-12-11,segunda-feira,08:10:00,RN,406.0,"103,3",JOAO CAMARA                                                 ,Falta de Atenção à Condução                                                                         ,Colisão transversal                                                                                                                                                                                     ,Com Vítimas Feridas,Pleno dia           ,Decrescente         ,Sol                 ,Simples             ,Interseção de vias            ,Sim       ,2,0,1,0,1,0,1,2,-5.54387,-35.8145,SR-RN               ,DEL15/2                       ,UOP01/RN                      
93540,2017-12-11,segunda-feira,09:00:00,RN,427.0,"55,4",JARDIM DO SERIDO                                            ,Falta de Atenção à Condução                                                                         ,Colisão transversal                                                                                                                                                                                     ,Com Vítimas Feridas,Pleno dia           ,Decrescente         ,Céu Claro           ,Simples             ,Reta                          ,Sim       ,2,0,2,0,0,0,2,2,-6.59245902,-36.77784709,SR-RN               ,DEL15/3                       ,UOP01/RN                      
93642,2017-12-11,segunda-feira,17:30:00,RN,101.0,109,PARNAMIRIM                                                  ,Falta de Atenção à Condução                                                                         ,Colisão lateral                                                                                                                                                                                         ,Com Vítimas Feridas,Anoitecer           ,Crescente           ,Céu Claro           ,Dupla               ,Reta                          ,Sim       ,2,0,1,0,1,0,1,2,-5.937378,-35.264832,SR-RN               ,DEL15/1                       ,UOP01/RN                      
93643,2017-12-11,segunda-feira,17:00:00,RN,101.0,"108,7",PARNAMIRIM                                                  ,Falta de Atenção à Condução                                                                         ,Colisão lateral                                                                                                                                                                                         ,Com Vítimas Feridas,Anoitecer           ,Decrescente         ,Céu Claro           ,Dupla               ,Reta                          ,Sim       ,4,0,1,0,3,0,1,2,-5.93462929,-35.264835,SR-RN               ,DEL15/1                       ,UOP01/RN                      
93665,2017-12-11,segunda-feira,18:50:00,RN,304.0,295,MACAIBA                                                     ,Falta de Atenção à Condução                                                                         ,Colisão transversal                                                                                                                                                                                     ,Com Vítimas Feridas,Plena Noite         ,Crescente           ,Céu Claro           ,Simples             ,Desvio Temporário             ,Sim       ,2,0,1,0,1,0,1,2,-5.86732479,-35.3676615,SR-RN               ,DEL15/1                       ,UOP02/RN                      
93678,2017-12-11,segunda-feira,19:30:00,RN,110.0,"47,7",MOSSORO                                                     ,Não guardar distância de segurança                                                                  ,Colisão lateral                                                                                                                                                                                         ,Com Vítimas Feridas,Plena Noite         ,Crescente           ,Céu Claro           ,Simples             ,Interseção de vias            ,Sim       ,2,0,1,0,1,0,1,2,-5.20717148,-37.33069575,SR-RN               ,DEL15/4                       ,UOP01/RN                      
93755,2017-12-12,terça-feira,07:00:00,RN,304.0,249,SANTA MARIA                                                 ,Falta de Atenção à Condução                                                                         ,Colisão transversal                                                                                                                                                                                     ,Com Vítimas Feridas,Pleno dia           ,Crescente           ,Sol                 ,Simples             ,Interseção de vias            ,Não       ,5,0,4,0,1,0,4,2,-5.828284,-35.766197,SR-RN               ,DEL15/1                       ,UOP02/RN                      
93756,2017-12-12,terça-feira,06:40:00,RN,101.0,"94,8",NATAL                                                       ,Desobediência às normas de trânsito pelo condutor                                                   ,Colisão lateral                                                                                                                                                                                         ,Com Vítimas Feridas,Pleno dia           ,Crescente           ,Sol                 ,Dupla               ,Reta                          ,Sim       ,2,0,1,0,1,0,1,2,-5.83041622,-35.21165103,SR-RN               ,DEL15/1                       ,UOP01/RN                      
93757,2017-12-12,terça-feira,06:45:00,RN,406.0,168,SAO GONCALO DO AMARANTE                                     ,Falta de Atenção à Condução                                                                         ,Colisão traseira                                                                                                                                                                                        ,Com Vítimas Feridas,Pleno dia           ,Decrescente         ,Céu Claro           ,Dupla               ,Reta                          ,Não       ,3,0,2,0,1,0,2,2,-5.75686681,-35.30349255,SR-RN               ,DEL15/2                       ,UOP01/RN                      
93784,2017-12-12,terça-feira,08:40:00,RN,101.0,109,PARNAMIRIM                                                  ,Defeito Mecânico no Veículo                                                                         ,Colisão com objeto estático                                                                                                                                                                             ,Com Vítimas Feridas,Pleno dia           ,Crescente           ,Céu Claro           ,Dupla               ,Curva                         ,Sim       ,1,0,1,0,0,0,1,1,-5.937378,-35.264832,SR-RN               ,DEL15/1                       ,UOP01/RN                      
93808,2017-12-12,terça-feira,10:50:00,RN,304.0,"46,2",MOSSORO                                                     ,Falta de Atenção à Condução                                                                         ,Colisão lateral                                                                                                                                                                                         ,Com Vítimas Feridas,Pleno dia           ,Crescente           ,Sol                 ,Dupla               ,Reta                          ,Não       ,2,0,1,0,1,0,1,2,-5.22584711,-37.33796954,SR-RN               ,DEL15/4                       ,UOP01/RN                      
93871,2017-06-25,domingo,17:12:00,RN,304.0,231,RIACHUELO                                                   ,Falta de Atenção à Condução                                                                         ,Colisão frontal                                                                                                                                                                                         ,Com Vítimas Feridas,Pleno dia           ,Crescente           ,Céu Claro           ,Simples             ,Interseção de vias            ,Não       ,6,0,5,1,0,0,6,2,-5.751737,-35.899082,SR-RN               ,DEL15/1                       ,UOP02/RN                      
93979,2017-12-13,quarta-feira,03:30:00,RN,304.0,47,MOSSORO                                                     ,Ingestão de Álcool                                                                                  ,Colisão frontal                                                                                                                                                                                         ,Com Vítimas Feridas,Plena Noite         ,Crescente           ,Céu Claro           ,Dupla               ,Interseção de vias            ,Sim       ,1,0,1,0,0,0,1,1,-5.22599135,-37.33195871,SR-RN               ,DEL15/4                       ,UOP01/RN                      
94027,2017-12-13,quarta-feira,09:20:00,RN,101.0,"102,9",PARNAMIRIM                                                  ,Falta de Atenção à Condução                                                                         ,Colisão lateral                                                                                                                                                                                         ,Com Vítimas Feridas,Pleno dia           ,Decrescente         ,Céu Claro           ,Dupla               ,Reta                          ,Sim       ,3,0,1,0,2,0,1,2,-5.889586,-35.244985,SR-RN               ,DEL15/1                       ,UOP01/RN                      
94112,2017-12-10,domingo,18:35:00,RN,304.0,38,MOSSORO                                                     ,Ingestão de Álcool                                                                                  ,Queda de ocupante de veículo                                                                                                                                                                            ,Com Vítimas Feridas,Plena Noite         ,Crescente           ,Céu Claro           ,Dupla               ,Reta                          ,Sim       ,1,0,0,1,0,0,1,1,-5.18639004,-37.37263723,SR-RN               ,DEL15/4                       ,UOP02/RN                      
94145,2017-12-13,quarta-feira,18:30:00,RN,110.0,50,MOSSORO                                                     ,Deficiência ou não Acionamento do Sistema de Iluminação/Sinalização do Veículo                      ,Colisão transversal                                                                                                                                                                                     ,Com Vítimas Feridas,Plena Noite         ,Decrescente         ,Céu Claro           ,Simples             ,Reta                          ,Sim       ,5,0,0,1,3,1,1,2,-5.2242435,-37.32456118,SR-RN               ,DEL15/4                       ,UOP01/RN                      
94280,2017-08-16,quarta-feira,12:30:00,RN,101.0,"102,5",PARNAMIRIM                                                  ,Falta de Atenção à Condução                                                                         ,Colisão lateral                                                                                                                                                                                         ,Sem Vítimas,Pleno dia           ,Decrescente         ,Céu Claro           ,Múltipla            ,Reta                          ,Sim       ,2,0,0,0,2,0,0,2,-5.88952203,-35.24470925,SR-RN               ,DEL15/1                       ,UOP01/RN                      
94358,2017-12-14,quinta-feira,15:15:00,RN,101.0,"96,5",NATAL                                                       ,Pista Escorregadia                                                                                  ,Tombamento                                                                                                                                                                                              ,Com Vítimas Feridas,Pleno dia           ,Decrescente         ,Chuva               ,Dupla               ,Reta                          ,Sim       ,1,0,1,0,0,0,1,1,-5.84970261,-35.20907426,SR-RN               ,DEL15/1                       ,UOP01/RN                      
94376,2017-12-10,domingo,17:00:00,RN,427.0,100,CAICO                                                       ,Desobediência às normas de trânsito pelo condutor                                                   ,Colisão transversal                                                                                                                                                                                     ,Com Vítimas Feridas,Pleno dia           ,Crescente           ,Céu Claro           ,Dupla               ,Interseção de vias            ,Sim       ,2,0,1,0,1,0,1,2,-6.45944127,-37.09724933,SR-RN               ,DEL15/3                       ,UOP01/RN                      
94383,2017-12-14,quinta-feira,16:40:00,RN,101.0,"82,6",SAO GONCALO DO AMARANTE                                     ,Não guardar distância de segurança                                                                  ,Colisão lateral                                                                                                                                                                                         ,Com Vítimas Feridas,Pleno dia           ,Crescente           ,Chuva               ,Dupla               ,Reta                          ,Sim       ,2,0,1,0,1,0,1,2,-5.77004363,-35.26923269,SR-RN               ,DEL15/2                       ,UOP01/RN                      
94469,2017-11-24,sexta-feira,11:50:00,RN,101.0,68,EXTREMOZ                                                    ,Desobediência às normas de trânsito pelo condutor                                                   ,Colisão transversal                                                                                                                                                                                     ,Sem Vítimas,Pleno dia           ,Crescente           ,Sol                 ,Simples             ,Interseção de vias            ,Não       ,2,0,0,0,2,0,0,2,-5.67192258,-35.25924762,SR-RN               ,DEL15/2                       ,UOP01/RN                      
94561,2017-11-25,sábado,20:00:00,RN,304.0,180,ANGICOS                                                     ,Falta de Atenção à Condução                                                                         ,Capotamento                                                                                                                                                                                             ,Com Vítimas Feridas,Plena Noite         ,Decrescente         ,Ignorado            ,Simples             ,Reta                          ,Não       ,1,0,1,0,0,0,1,1,-5.67956298,-36.61261146,SR-RN               ,DEL15/1                       ,UOP03/RN                      
94717,2017-12-15,sexta-feira,17:30:00,RN,406.0,9,SAO GONCALO DO AMARANTE                                     ,Ingestão de Álcool                                                                                  ,Capotamento                                                                                                                                                                                             ,Com Vítimas Fatais,Anoitecer           ,Crescente           ,Céu Claro           ,Simples             ,Reta                          ,Não       ,6,1,0,5,0,0,5,1,-5.79341,-35.3288,SR-RN               ,DEL15/2                       ,UOP01/RN                      
94723,2017-12-15,sexta-feira,19:00:00,RN,226.0,64,SENADOR ELOI DE SOUZA                                       ,Condutor Dormindo                                                                                   ,Colisão frontal                                                                                                                                                                                         ,Com Vítimas Feridas,Plena Noite         ,Crescente           ,Céu Claro           ,Simples             ,Reta                          ,Não       ,2,0,1,1,0,0,2,2,-6.07190643,-35.68558663,SR-RN               ,DEL15/1                       ,UOP02/RN                      
94790,2017-12-16,sábado,00:45:00,RN,101.0,"125,5",SAO JOSE DE MIPIBU                                          ,Ingestão de Álcool                                                                                  ,Queda de ocupante de veículo                                                                                                                                                                            ,Com Vítimas Feridas,Plena Noite         ,Crescente           ,Céu Claro           ,Dupla               ,Reta                          ,Não       ,2,0,2,0,0,0,2,1,-6.083080000000001,-35.234439,SR-RN               ,DEL15/1                       ,UOP01/RN                      
94819,2017-12-16,sábado,02:10:00,RN,304.0,"307,1",PARNAMIRIM                                                  ,Desobediência às normas de trânsito pelo condutor                                                   ,Colisão frontal                                                                                                                                                                                         ,Com Vítimas Fatais,Plena Noite         ,Decrescente         ,Céu Claro           ,Dupla               ,Reta                          ,Sim       ,2,1,0,0,1,0,0,2,-5.89022106,-35.26340425,SR-RN               ,DEL15/1                       ,UOP02/RN                      
94841,2017-12-15,sexta-feira,09:00:00,RN,304.0,258,SANTA MARIA                                                 ,Ultrapassagem Indevida                                                                              ,Colisão com objeto estático                                                                                                                                                                             ,Sem Vítimas,Pleno dia           ,Decrescente         ,Céu Claro           ,Simples             ,Reta                          ,Não       ,1,0,0,0,1,0,0,1,-5.843929,-35.682846000000005,SR-RN               ,DEL15/1                       ,UOP02/RN                      
94909,2017-12-16,sábado,08:20:00,RN,304.0,"291,8",MACAIBA                                                     ,Condutor Dormindo                                                                                   ,Colisão traseira                                                                                                                                                                                        ,Com Vítimas Feridas,Pleno dia           ,Crescente           ,Céu Claro           ,Simples             ,Reta                          ,Não       ,2,0,2,0,0,0,2,2,-5.86006,-35.3498,SR-RN               ,DEL15/1                       ,UOP02/RN                      
94914,2017-12-16,sábado,09:20:00,RN,405.0,"128,1",RODOLFO FERNANDES                                           ,Desobediência às normas de trânsito pelo condutor                                                   ,Saída de leito carroçável                                                                                                                                                                               ,Com Vítimas Feridas,Pleno dia           ,Crescente           ,Céu Claro           ,Simples             ,Curva                         ,Não       ,6,0,4,0,2,0,4,2,-5.94327886,-38.11919394,SR-RN               ,DEL15/4                       ,UOP02/RN                      
94922,2017-12-16,sábado,10:00:00,RN,226.0,"141,9",CAMPO REDONDO                                               ,Falta de Atenção à Condução                                                                         ,Colisão traseira                                                                                                                                                                                        ,Com Vítimas Feridas,Pleno dia           ,Decrescente         ,Céu Claro           ,Simples             ,Reta                          ,Não       ,5,0,2,0,2,1,2,3,-6.18908869,-36.2309394,SR-RN               ,DEL15/3                       ,UOP02/RN                      
95124,2017-12-16,sábado,22:00:00,RN,101.0,111,PARNAMIRIM                                                  ,Ingestão de Álcool                                                                                  ,Colisão transversal                                                                                                                                                                                     ,Com Vítimas Fatais,Plena Noite         ,Decrescente         ,Céu Claro           ,Dupla               ,Reta                          ,Sim       ,7,1,4,2,0,0,6,2,-5.955337999999999,-35.264862,SR-RN               ,DEL15/1                       ,UOP01/RN                      
95203,2017-12-17,domingo,05:15:00,RN,101.0,94,NATAL                                                       ,Ingestão de Álcool                                                                                  ,Atropelamento de Pedestre                                                                                                                                                                               ,Com Vítimas Feridas,Pleno dia           ,Decrescente         ,Céu Claro           ,Múltipla            ,Reta                          ,Sim       ,2,0,1,0,1,0,1,1,-5.831766,-35.211914,SR-RN               ,DEL15/1                       ,UOP01/RN                      
95237,2017-12-17,domingo,08:20:00,RN,226.0,15,MACAIBA                                                     ,Defeito Mecânico no Veículo                                                                         ,Tombamento                                                                                                                                                                                              ,Com Vítimas Feridas,Pleno dia           ,Decrescente         ,Céu Claro           ,Simples             ,Reta                          ,Sim       ,1,0,1,0,0,0,1,1,-5.85683795,-35.33585989,SR-RN               ,DEL15/1                       ,UOP02/RN                      
95255,2017-12-17,domingo,09:35:00,RN,101.0,85,SAO GONCALO DO AMARANTE                                     ,Desobediência às normas de trânsito pelo condutor                                                   ,Atropelamento de Pedestre                                                                                                                                                                               ,Com Vítimas Feridas,Pleno dia           ,Crescente           ,Céu Claro           ,Dupla               ,Desvio Temporário             ,Sim       ,2,0,1,0,0,1,1,1,-5.77702567,-35.25062889,SR-RN               ,DEL15/2                       ,UOP01/RN                      
95301,2017-12-17,domingo,13:20:00,RN,110.0,"17,9",AREIA BRANCA                                                ,Falta de Atenção à Condução                                                                         ,Saída de leito carroçável                                                                                                                                                                               ,Com Vítimas Feridas,Pleno dia           ,Decrescente         ,Sol                 ,Simples             ,Reta                          ,Não       ,1,0,0,1,0,0,1,1,-4.96832124,-37.14498997,SR-RN               ,DEL15/4                       ,UOP01/RN                      
95376,2017-12-17,domingo,17:15:00,RN,405.0,"3,5",MOSSORO                                                     ,Desobediência às normas de trânsito pelo condutor                                                   ,Tombamento                                                                                                                                                                                              ,Com Vítimas Feridas,Pleno dia           ,Crescente           ,Céu Claro           ,Simples             ,Reta                          ,Sim       ,2,0,0,1,1,0,1,2,-5.19417822,-37.38334179,SR-RN               ,DEL15/4                       ,UOP02/RN                      
95382,2017-12-17,domingo,17:00:00,RN,226.0,"173,2",CURRAIS NOVOS                                               ,Animais na Pista                                                                                    ,Atropelamento de Animal                                                                                                                                                                                 ,Com Vítimas Feridas,Anoitecer           ,Decrescente         ,Céu Claro           ,Simples             ,Reta                          ,Sim       ,1,0,0,1,0,0,1,1,-6.25726328,-36.49453551,SR-RN               ,DEL15/3                       ,UOP02/RN                      
95399,2017-12-17,domingo,17:30:00,RN,226.0,"316,5",JANDUIS                                                     ,Falta de Atenção à Condução                                                                         ,Saída de leito carroçável                                                                                                                                                                               ,Com Vítimas Fatais,Anoitecer           ,Crescente           ,Céu Claro           ,Simples             ,Reta                          ,Não       ,1,1,0,0,0,0,0,1,-6.045855,-37.461413,SR-RN               ,DEL15/4                       ,UOP01/RN                      
95422,2017-12-17,domingo,19:40:00,RN,110.0,"48,9",MOSSORO                                                     ,Falta de Atenção à Condução                                                                         ,Colisão traseira                                                                                                                                                                                        ,Com Vítimas Fatais,Plena Noite         ,Crescente           ,Céu Claro           ,Dupla               ,Reta                          ,Sim       ,4,1,0,0,1,2,0,2,-5.21503261,-37.33030379,SR-RN               ,DEL15/4                       ,UOP01/RN                      
95519,2017-12-18,segunda-feira,05:15:00,RN,226.0,"128,2",CAMPO REDONDO                                               ,Desobediência às normas de trânsito pelo condutor                                                   ,Colisão frontal                                                                                                                                                                                         ,Com Vítimas Feridas,Amanhecer           ,Decrescente         ,Céu Claro           ,Simples             ,Reta                          ,Sim       ,4,0,0,2,0,2,2,2,-6.19344052,-36.14491308,SR-RN               ,DEL15/3                       ,UOP02/RN                      
95598,2017-12-18,segunda-feira,10:20:00,RN,304.0,"119,2",ITAJA                                                       ,Falta de Atenção à Condução                                                                         ,Colisão lateral                                                                                                                                                                                         ,Com Vítimas Feridas,Pleno dia           ,Decrescente         ,Céu Claro           ,Simples             ,Reta                          ,Sim       ,5,0,4,0,0,1,4,2,-5.6304408,-36.863331200000005,SR-RN               ,DEL15/4                       ,UOP01/RN                      
95671,2017-12-18,segunda-feira,11:30:00,RN,405.0,1,MOSSORO                                                     ,Desobediência às normas de trânsito pelo condutor                                                   ,Colisão traseira                                                                                                                                                                                        ,Com Vítimas Feridas,Pleno dia           ,Decrescente         ,Céu Claro           ,Dupla               ,Reta                          ,Sim       ,2,0,1,0,1,0,1,2,-5.191708,-37.361526,SR-RN               ,DEL15/4                       ,UOP02/RN                      
95876,2017-12-19,terça-feira,09:50:00,RN,427.0,"99,9",CAICO                                                       ,Falta de Atenção à Condução                                                                         ,Colisão transversal                                                                                                                                                                                     ,Com Vítimas Feridas,Pleno dia           ,Crescente           ,Céu Claro           ,Simples             ,Reta                          ,Sim       ,2,0,1,0,1,0,1,2,-6.46317251,-37.09342182,SR-RN               ,DEL15/3                       ,UOP01/RN                      
95881,2017-12-19,terça-feira,11:10:00,RN,110.0,"48,2",MOSSORO                                                     ,Não guardar distância de segurança                                                                  ,Tombamento                                                                                                                                                                                              ,Com Vítimas Feridas,Pleno dia           ,Crescente           ,Sol                 ,Dupla               ,Reta                          ,Sim       ,1,0,0,1,0,0,1,1,-5.21025168,-37.33306341,SR-RN               ,DEL15/4                       ,UOP01/RN                      
95973,2017-12-19,terça-feira,17:00:00,RN,101.0,"82,9",SAO GONCALO DO AMARANTE                                     ,Falta de Atenção à Condução                                                                         ,Colisão traseira                                                                                                                                                                                        ,Sem Vítimas,Pleno dia           ,Crescente           ,Céu Claro           ,Dupla               ,Reta                          ,Sim       ,2,0,0,0,2,0,0,2,-5.77104267,-35.26753728,SR-RN               ,DEL15/2                       ,UOP01/RN                      
95978,2017-12-19,terça-feira,17:00:00,RN,304.0,"40,1",MOSSORO                                                     ,Falta de Atenção à Condução                                                                         ,Colisão traseira                                                                                                                                                                                        ,Com Vítimas Feridas,Pleno dia           ,Crescente           ,Nublado             ,Dupla               ,Curva                         ,Não       ,2,0,1,0,1,0,1,2,-5.197278099999999,-37.378425899999996,SR-RN               ,DEL15/4                       ,UOP01/RN                      
96045,2017-12-19,terça-feira,22:15:00,RN,101.0,"96,1",NATAL                                                       ,Falta de Atenção à Condução                                                                         ,Colisão lateral                                                                                                                                                                                         ,Com Vítimas Feridas,Plena Noite         ,Crescente           ,Céu Claro           ,Dupla               ,Reta                          ,Sim       ,2,0,1,0,1,0,1,2,-5.8503052,-35.20929449,SR-RN               ,DEL15/1                       ,UOP01/RN                      
96054,2017-12-19,terça-feira,16:20:00,RN,101.0,110,NATAL                                                       ,Não guardar distância de segurança                                                                  ,Colisão lateral                                                                                                                                                                                         ,Com Vítimas Feridas,Pleno dia           ,Crescente           ,Céu Claro           ,Dupla               ,Reta                          ,Sim       ,2,0,1,0,0,1,1,2,-5.7792569,-35.200916,SR-RN               ,DEL15/1                       ,UOP01/RN                      
96170,2017-12-20,quarta-feira,11:00:00,RN,405.0,"153,3",PAU DOS FERROS                                              ,Falta de Atenção à Condução                                                                         ,Colisão frontal                                                                                                                                                                                         ,Com Vítimas Feridas,Pleno dia           ,Decrescente         ,Sol                 ,Simples             ,Reta                          ,Não       ,2,0,1,0,0,1,1,2,-6.13491176,-38.20512772,SR-RN               ,DEL15/4                       ,UOP02/RN                      
96193,2017-12-20,quarta-feira,13:40:00,RN,304.0,305,PARNAMIRIM                                                  ,Desobediência às normas de trânsito pelo condutor                                                   ,Colisão traseira                                                                                                                                                                                        ,Com Vítimas Feridas,Pleno dia           ,Decrescente         ,Céu Claro           ,Dupla               ,Reta                          ,Não       ,2,0,0,1,1,0,1,2,-5.88510905,-35.27969062,SR-RN               ,DEL15/1                       ,UOP02/RN                      
96430,2017-12-21,quinta-feira,08:00:00,RN,304.0,"45,7",MOSSORO                                                     ,Falta de Atenção à Condução                                                                         ,Colisão traseira                                                                                                                                                                                        ,Com Vítimas Feridas,Pleno dia           ,Crescente           ,Nublado             ,Dupla               ,Reta                          ,Sim       ,2,0,1,0,1,0,1,2,-5.225820400000001,-37.34249711,SR-RN               ,DEL15/4                       ,UOP01/RN                      
96622,2017-12-21,quinta-feira,17:20:00,RN,427.0,"104,4",SAO FERNANDO                                                ,Falta de Atenção à Condução                                                                         ,Colisão com objeto estático                                                                                                                                                                             ,Sem Vítimas,Pleno dia           ,Decrescente         ,Céu Claro           ,Simples             ,Reta                          ,Não       ,3,0,0,0,1,2,0,2,-6.44785469,-37.14376939,SR-RN               ,DEL15/3                       ,UOP01/RN                      
96737,2017-12-22,sexta-feira,06:15:00,RN,226.0,"37,1",MACAIBA                                                     ,Velocidade Incompatível                                                                             ,Colisão frontal                                                                                                                                                                                         ,Com Vítimas Feridas,Pleno dia           ,Crescente           ,Nublado             ,Simples             ,Curva                         ,Não       ,4,0,0,2,2,0,2,3,-5.91200708,-35.52054196,SR-RN               ,DEL15/1                       ,UOP02/RN                      
96817,2017-12-22,sexta-feira,11:25:00,RN,405.0,"1,1",MOSSORO                                                     ,Falta de Atenção à Condução                                                                         ,Colisão lateral                                                                                                                                                                                         ,Com Vítimas Feridas,Pleno dia           ,Decrescente         ,Nublado             ,Dupla               ,Reta                          ,Sim       ,2,0,1,0,0,1,1,2,-5.19181688,-37.36271292,SR-RN               ,DEL15/4                       ,UOP02/RN                      
96954,2017-12-22,sexta-feira,17:00:00,RN,101.0,95,NATAL                                                       ,Ingestão de Álcool                                                                                  ,Colisão traseira                                                                                                                                                                                        ,Sem Vítimas,Anoitecer           ,Decrescente         ,Céu Claro           ,Múltipla            ,Reta                          ,Sim       ,2,0,0,0,2,0,0,2,-5.84097895,-35.21025059,SR-RN               ,DEL15/1                       ,UOP01/RN                      
96987,2017-12-22,sexta-feira,18:05:00,RN,101.0,"75,4",NATAL                                                       ,Pista Escorregadia                                                                                  ,Queda de ocupante de veículo                                                                                                                                                                            ,Com Vítimas Feridas,Plena Noite         ,Decrescente         ,Garoa/Chuvisco      ,Dupla               ,Reta                          ,Não       ,2,0,1,0,1,0,1,1,-5.72379284,-35.27981481,SR-RN               ,DEL15/2                       ,UOP01/RN                      